timestamp,mean,max,min,count,size
2026-10-01 08:00:00,41.436,42.03,40.88,10,10
2026-10-01 08:10:00,41.91555555555556,42.16,41.7,9,10
2026-10-01 08:20:00,41.682,42.08,41.42,10,10
2026-10-01 08:30:00,41.789,42.13,41.45,10,10
2026-10-01 08:40:00,42.79,43.36,41.98,10,10
2026-10-01 08:50:00,43.598,43.95,43.32,10,10
2026-10-01 09:00:00,43.66777777777778,43.94,43.47,9,10
2026-10-01 09:10:00,43.416000000000004,43.75,43.12,10,10
2026-10-01 09:20:00,43.918,44.48,43.48,10,10
2026-10-01 09:30:00,45.045,45.42,44.7,10,10
2026-10-01 09:40:00,45.262,45.52,45.0,10,10
2026-10-01 09:50:00,49.106,84.8,44.91,10,10
2026-10-01 10:00:00,45.298,45.59,44.85,10,10
2026-10-01 10:10:00,46.257,46.71,45.77,10,10
2026-10-01 10:20:00,46.964444444444446,47.28,46.7,9,10
2026-10-01 10:30:00,46.813,47.13,46.46,10,10
2026-10-01 10:40:00,46.727,47.0,46.43,10,10
2026-10-01 10:50:00,47.485,48.07,46.89,10,10
