timestamp,tenperatura,bibrazioa,tenperatura_beteta,tenperatura_leundua
2026-10-01 08:00:00,40.88,2.091,40.88,
2026-10-01 08:01:00,41.4,2.105,41.4,
2026-10-01 08:02:00,40.98,2.2,40.98,
2026-10-01 08:03:00,41.23,2.225,41.23,
2026-10-01 08:04:00,41.28,2.172,41.28,41.153999999999996
2026-10-01 08:05:00,41.7,2.177,41.7,41.318
2026-10-01 08:06:00,41.56,2.217,41.56,41.35
2026-10-01 08:07:00,42.03,2.194,42.03,41.56
2026-10-01 08:08:00,41.56,2.295,41.56,41.626
2026-10-01 08:09:00,41.74,2.259,41.74,41.718
2026-10-01 08:10:00,41.92,2.286,41.92,41.762
2026-10-01 08:11:00,41.7,2.235,41.7,41.790000000000006
2026-10-01 08:12:00,41.75,2.165,41.75,41.734
2026-10-01 08:13:00,41.92,2.149,41.92,41.806
2026-10-01 08:14:00,,2.085,41.93,41.844
2026-10-01 08:15:00,41.94,2.023,41.94,41.848
2026-10-01 08:16:00,42.16,2.089,42.16,41.94
2026-10-01 08:17:00,41.88,2.108,41.88,41.965999999999994
2026-10-01 08:18:00,42.16,1.999,42.16,42.013999999999996
2026-10-01 08:19:00,41.81,1.977,41.81,41.989999999999995
2026-10-01 08:20:00,42.08,1.988,42.08,42.018
2026-10-01 08:21:00,41.83,2.006,41.83,41.952
2026-10-01 08:22:00,41.85,2.134,41.85,41.946000000000005
2026-10-01 08:23:00,41.54,2.169,41.54,41.822
2026-10-01 08:24:00,41.48,2.15,41.48,41.756
2026-10-01 08:25:00,41.87,2.223,41.87,41.714
2026-10-01 08:26:00,41.65,2.269,41.65,41.678
2026-10-01 08:27:00,41.54,2.32,41.54,41.616
2026-10-01 08:28:00,41.42,2.335,41.42,41.592
2026-10-01 08:29:00,41.56,2.287,41.56,41.608
2026-10-01 08:30:00,41.8,2.361,41.8,41.594
2026-10-01 08:31:00,41.63,2.321,41.63,41.589999999999996
2026-10-01 08:32:00,41.45,2.42,41.45,41.572
2026-10-01 08:33:00,41.55,2.36,41.55,41.598
2026-10-01 08:34:00,41.61,2.335,41.61,41.608000000000004
2026-10-01 08:35:00,41.94,2.284,41.94,41.636
2026-10-01 08:36:00,42.07,2.355,42.07,41.724000000000004
2026-10-01 08:37:00,41.96,2.243,41.96,41.826
2026-10-01 08:38:00,41.75,2.212,41.75,41.866
2026-10-01 08:39:00,42.13,2.15,42.13,41.97
2026-10-01 08:40:00,41.98,2.182,41.98,41.978
2026-10-01 08:41:00,42.28,2.129,42.28,42.019999999999996
2026-10-01 08:42:00,42.36,2.104,42.36,42.1
2026-10-01 08:43:00,42.85,2.105,42.85,42.32
2026-10-01 08:44:00,42.94,2.215,42.94,42.482
2026-10-01 08:45:00,42.74,2.142,42.74,42.634
2026-10-01 08:46:00,43.19,2.143,43.19,42.815999999999995
2026-10-01 08:47:00,43.16,2.227,43.16,42.976
2026-10-01 08:48:00,43.36,2.172,43.36,43.077999999999996
2026-10-01 08:49:00,43.04,2.302,43.04,43.098
2026-10-01 08:50:00,43.47,2.311,43.47,43.244
2026-10-01 08:51:00,43.32,2.3,43.32,43.269999999999996
2026-10-01 08:52:00,43.58,2.299,43.58,43.354
2026-10-01 08:53:00,43.41,2.414,43.41,43.364
2026-10-01 08:54:00,43.4,2.36,43.4,43.436
2026-10-01 08:55:00,43.61,2.371,43.61,43.464
2026-10-01 08:56:00,43.92,2.501,43.92,43.584
2026-10-01 08:57:00,43.76,2.467,43.76,43.62
2026-10-01 08:58:00,43.95,2.482,43.95,43.727999999999994
2026-10-01 08:59:00,43.56,2.438,43.56,43.760000000000005
2026-10-01 09:00:00,43.51,2.378,43.51,43.74
2026-10-01 09:01:00,43.65,2.377,43.65,43.686
2026-10-01 09:02:00,43.94,2.409,43.94,43.722
2026-10-01 09:03:00,43.87,2.343,43.87,43.706
2026-10-01 09:04:00,43.74,2.314,43.74,43.742
2026-10-01 09:05:00,,2.323,43.650000000000006,43.769999999999996
2026-10-01 09:06:00,43.56,2.296,43.56,43.751999999999995
2026-10-01 09:07:00,43.59,2.271,43.59,43.682
2026-10-01 09:08:00,43.68,2.285,43.68,43.644000000000005
2026-10-01 09:09:00,43.47,2.223,43.47,43.59
2026-10-01 09:10:00,43.21,2.283,43.21,43.501999999999995
2026-10-01 09:11:00,43.12,2.283,43.12,43.414
2026-10-01 09:12:00,43.53,2.358,43.53,43.402
2026-10-01 09:13:00,43.57,2.271,43.57,43.379999999999995
2026-10-01 09:14:00,43.21,2.324,43.21,43.327999999999996
2026-10-01 09:15:00,43.55,2.329,43.55,43.396
2026-10-01 09:16:00,43.21,2.484,43.21,43.414
2026-10-01 09:17:00,43.56,2.426,43.56,43.42
2026-10-01 09:18:00,43.45,2.549,43.45,43.396
2026-10-01 09:19:00,43.75,2.472,43.75,43.504000000000005
2026-10-01 09:20:00,43.5,2.531,43.5,43.494
2026-10-01 09:21:00,43.48,2.54,43.48,43.547999999999995
2026-10-01 09:22:00,43.56,2.541,43.56,43.548
2026-10-01 09:23:00,43.56,2.541,43.56,43.57
2026-10-01 09:24:00,43.87,2.572,43.87,43.594
2026-10-01 09:25:00,43.98,2.583,43.98,43.69
2026-10-01 09:26:00,44.23,2.446,44.23,43.839999999999996
2026-10-01 09:27:00,44.09,2.466,44.09,43.946000000000005
2026-10-01 09:28:00,44.43,2.465,44.43,44.12
2026-10-01 09:29:00,44.48,2.39,44.48,44.242
2026-10-01 09:30:00,44.7,2.416,44.7,44.386
2026-10-01 09:31:00,44.83,2.349,44.83,44.50599999999999
2026-10-01 09:32:00,44.93,2.376,44.93,44.674
2026-10-01 09:33:00,44.85,2.333,44.85,44.758
2026-10-01 09:34:00,44.88,2.335,44.88,44.838
2026-10-01 09:35:00,45.03,2.288,45.03,44.904
2026-10-01 09:36:00,45.42,2.325,45.42,45.022
2026-10-01 09:37:00,45.08,2.36,45.08,45.05200000000001
2026-10-01 09:38:00,45.35,2.447,45.35,45.152
2026-10-01 09:39:00,45.38,2.404,45.38,45.251999999999995
2026-10-01 09:40:00,45.52,2.469,45.52,45.35
2026-10-01 09:41:00,45.08,2.573,45.08,45.282000000000004
2026-10-01 09:42:00,45.2,2.501,45.2,45.306
2026-10-01 09:43:00,45.43,2.619,45.43,45.322
2026-10-01 09:44:00,45.13,2.551,45.13,45.272000000000006
2026-10-01 09:45:00,45.42,2.621,45.42,45.251999999999995
2026-10-01 09:46:00,45.31,2.591,45.31,45.298
2026-10-01 09:47:00,45.0,2.703,45.0,45.258
2026-10-01 09:48:00,45.05,2.622,45.05,45.182
2026-10-01 09:49:00,45.48,2.583,45.48,45.251999999999995
2026-10-01 09:50:00,45.24,2.569,45.24,45.215999999999994
2026-10-01 09:51:00,45.39,2.666,45.39,45.23199999999999
2026-10-01 09:52:00,44.91,2.623,44.91,45.214
2026-10-01 09:53:00,84.8,2.493,84.8,53.164
2026-10-01 09:54:00,45.04,2.565,45.04,53.076
2026-10-01 09:55:00,45.01,2.512,45.01,53.029999999999994
2026-10-01 09:56:00,45.26,2.484,45.26,53.004
2026-10-01 09:57:00,45.19,2.397,45.19,53.05999999999999
2026-10-01 09:58:00,45.18,2.464,45.18,45.136
2026-10-01 09:59:00,45.04,2.413,45.04,45.136
2026-10-01 10:00:00,44.85,2.436,44.85,45.104
2026-10-01 10:01:00,45.04,2.403,45.04,45.059999999999995
2026-10-01 10:02:00,45.29,2.451,45.29,45.08
2026-10-01 10:03:00,44.98,2.472,44.98,45.04
2026-10-01 10:04:00,45.44,2.608,45.44,45.12
2026-10-01 10:05:00,45.44,2.635,45.44,45.238
2026-10-01 10:06:00,45.53,2.65,45.53,45.336
2026-10-01 10:07:00,45.45,2.666,45.45,45.367999999999995
2026-10-01 10:08:00,45.37,2.663,45.37,45.446
2026-10-01 10:09:00,45.59,2.759,45.59,45.476
2026-10-01 10:10:00,45.77,2.697,45.77,45.542
2026-10-01 10:11:00,45.98,2.696,45.98,45.632
2026-10-01 10:12:00,46.03,2.788,46.03,45.748000000000005
2026-10-01 10:13:00,46.18,2.78,46.18,45.910000000000004
2026-10-01 10:14:00,46.04,2.797,46.04,46.0
2026-10-01 10:15:00,46.18,2.678,46.18,46.082
2026-10-01 10:16:00,46.71,2.681,46.71,46.227999999999994
2026-10-01 10:17:00,46.33,2.75,46.33,46.288
2026-10-01 10:18:00,46.68,2.591,46.68,46.388
2026-10-01 10:19:00,46.67,2.619,46.67,46.513999999999996
2026-10-01 10:20:00,46.79,2.552,46.79,46.636
2026-10-01 10:21:00,46.7,2.577,46.7,46.634
2026-10-01 10:22:00,,2.505,46.790000000000006,46.726
2026-10-01 10:23:00,46.88,2.511,46.88,46.766000000000005
2026-10-01 10:24:00,47.1,2.535,47.1,46.852000000000004
2026-10-01 10:25:00,47.28,2.559,47.28,46.95
2026-10-01 10:26:00,46.81,2.526,46.81,46.972
2026-10-01 10:27:00,47.26,2.543,47.26,47.065999999999995
2026-10-01 10:28:00,46.8,2.645,46.8,47.05
2026-10-01 10:29:00,47.06,2.622,47.06,47.042
2026-10-01 10:30:00,47.1,2.738,47.1,47.006
2026-10-01 10:31:00,46.89,2.741,46.89,47.022000000000006
2026-10-01 10:32:00,47.13,2.677,47.13,46.996
2026-10-01 10:33:00,46.71,2.836,46.71,46.977999999999994
2026-10-01 10:34:00,46.92,2.804,46.92,46.95
2026-10-01 10:35:00,46.99,2.845,46.99,46.928000000000004
2026-10-01 10:36:00,46.52,2.84,46.52,46.854
2026-10-01 10:37:00,46.63,2.889,46.63,46.754000000000005
2026-10-01 10:38:00,46.46,2.917,46.46,46.70399999999999
2026-10-01 10:39:00,46.78,2.905,46.78,46.676
2026-10-01 10:40:00,46.82,2.834,46.82,46.642
2026-10-01 10:41:00,46.69,2.853,46.69,46.676
2026-10-01 10:42:00,46.78,2.807,46.78,46.706
2026-10-01 10:43:00,46.74,2.73,46.74,46.762
2026-10-01 10:44:00,46.43,2.686,46.43,46.692
2026-10-01 10:45:00,47.0,2.669,47.0,46.727999999999994
2026-10-01 10:46:00,46.54,2.726,46.54,46.698
2026-10-01 10:47:00,46.61,2.667,46.61,46.664
2026-10-01 10:48:00,46.88,2.604,46.88,46.69199999999999
2026-10-01 10:49:00,46.78,2.684,46.78,46.762
2026-10-01 10:50:00,47.01,2.684,47.01,46.763999999999996
2026-10-01 10:51:00,46.89,2.71,46.89,46.833999999999996
2026-10-01 10:52:00,47.02,2.716,47.02,46.916000000000004
2026-10-01 10:53:00,47.51,2.701,47.51,47.042
2026-10-01 10:54:00,47.61,2.7,47.61,47.208000000000006
2026-10-01 10:55:00,47.42,2.765,47.42,47.290000000000006
2026-10-01 10:56:00,47.67,2.757,47.67,47.446000000000005
2026-10-01 10:57:00,47.74,2.855,47.74,47.589999999999996
2026-10-01 10:58:00,47.91,2.816,47.91,47.67
2026-10-01 10:59:00,48.07,2.921,48.07,47.762
