id,izena,emaila,hiria,adina
1,Urbano Salvador,rene77@example.com,Ciudad,23
2,Ángel Pedrero Múñiz,maurabenavent@example.com,Pontevedra,31
3,León Hierro Pinedo,arellanoclimaco@example.org,Madrid,34
4,Estefanía del Carreras,osvaldo28@example.com,Cáceres,26
5,Morena de Saura,flor32@example.net,Burgos,74
6,Ramiro Valentín Pina,belen58@example.org,La Coruña,68
7,Fabricio Bermudez,bernatirene@example.org,Soria,49
8,Calisto Díaz Cazorla,juan-francisco98@example.net,Valencia,32
9,Plinio Mayol Palacio,godofredo23@example.net,Castellón,80
10,Rufino Sans Codina,ucuevas@example.org,Lleida,80
11,Balduino Sanjuan Franco,pallaresjeremias@example.com,Valladolid,77
12,Luna Bernal Garriga,reyes59@example.com,Pontevedra,53
13,Jordana Martí Verdú,gabino15@example.org,Navarra,67
14,Rosalva Rozas Pina,victor10@example.com,Jaén,19
15,Marisa Fonseca Capdevila,piedad44@example.net,Navarra,72
16,Alcides Ríos Osorio,xcaceres@example.net,Badajoz,57
17,Lorena Julián-Palma,jessicapazos@example.net,Badajoz,48
18,Luis Desiderio Pardo Heras,aitorarranz@example.com,Lugo,40
19,Dionisia Cortina Cifuentes,telmo74@example.org,Burgos,80
20,Silvia Lara,gayllon@example.net,Girona,31
21,Virgilio Solera Anglada,madridezequiel@example.com,Navarra,35
22,Olivia Lara Peñas,georgina67@example.com,Baleares,66
23,Domingo Barberá,brigidasamper@example.com,Jaén,49
24,Álvaro Escobar Esteban,odalis68@example.net,Cáceres,25
25,Amor Roura Feijoo,rarnal@example.com,Almería,64
26,Belen Susanita Coronado Zapata,evauribe@example.net,Cuenca,57
27,Conrado Solsona Tejedor,tapiaalejandra@example.org,Huelva,52
28,Jovita Aznar Jáuregui,ivan46@example.net,Ávila,27
29,Reyes Ángel,despada@example.org,León,62
30,Nazaret Naranjo Albero,hortensia45@example.org,Zamora,22
31,Olimpia Alcázar-Lasa,xcarpio@example.com,Teruel,70
32,Bárbara Ureña Hidalgo,benitezcruz@example.net,Salamanca,63
33,Adelaida Espada-Gabaldón,felipe72@example.com,Lugo,46
34,Ciriaco Catalán Batalla,huertasmelania@example.com,Huelva,69
35,Miriam del Acedo,barcosalvador@example.net,Ceuta,63
36,Pascual Bermudez Villaverde,luchoredondo@example.org,Valladolid,38
37,Sofía Morcillo,rubencarretero@example.net,Ourense,77
38,Manolo del Iriarte,tiburciocepeda@example.com,Lleida,78
39,Emma Maite Hervia Barrios,gbejarano@example.com,Castellón,69
40,Marisol Cabañas Reig,corbachogervasio@example.org,Guipúzcoa,77
41,Teo Luque Diego,tereurena@example.net,Huelva,74
42,Dionisio Esparza-Noriega,bernarda50@example.org,Huesca,65
43,Consuelo Ávila Durán,falegria@example.org,Ourense,22
44,Eloísa Calderon-Morell,sandraperera@example.org,Melilla,68
45,Aníbal Tamarit Gallo,tejeroester@example.com,Huesca,53
46,Lorena Melero-Tejada,lina97@example.com,Valladolid,43
47,Aureliano de Daza,ahuguet@example.com,Ávila,61
48,Hipólito Cabrera Diaz,barbara62@example.net,Santa Cruz de Tenerife,53
49,Caridad Vázquez Boix,jcrespi@example.com,Cuenca,19
50,Jacinto Morillo Donaire,oliveana-belen@example.net,La Coruña,40
51,Claudio Navarrete Valera,jeremias38@example.com,Las Palmas,56
52,Xiomara Pizarro Delgado,roblesaura@example.com,Castellón,34
53,Arcelia Gisela Campillo Godoy,alcantaraglauco@example.net,Ourense,48
54,Benjamín Ferrer Marín,manuel89@example.org,Tarragona,39
55,Osvaldo Villalonga Angulo,bernatzaida@example.net,Barcelona,21
56,Cayetano Cordero Valverde,luz75@example.org,La Rioja,40
57,Paula Mateo-Sacristán,garatechucho@example.org,Guipúzcoa,59
58,Marta Cañizares Reguera,javiera33@example.net,Huesca,19
59,María Fernanda Ojeda Roma,sonia87@example.org,Cádiz,22
60,Primitiva Ibarra-Bermudez,eva-mariamayol@example.org,Navarra,49
61,Wilfredo Vaquero,castejoncrescencia@example.com,Granada,76
62,Claudia Miró Font,jaime90@example.net,Tarragona,32
63,Clotilde Mascaró Saavedra,salomonmenendez@example.com,Lugo,32
64,Clarisa Bertrán,rmiro@example.net,Toledo,68
65,Eligia Vicens Botella,miguel-angelcontreras@example.com,Salamanca,78
66,Severo Adadia Almagro,bernabevalls@example.com,Badajoz,70
67,Bartolomé Otero Cárdenas,ernesto24@example.com,Albacete,27
68,Amarilis Ochoa Acedo,selenanoguera@example.org,Álava,23
69,Francisco Horacio Alvarado Benito,valentindemetrio@example.org,Salamanca,44
70,Graciano Carranza Perea,manolareguera@example.net,Ávila,71
71,Adalberto Luz Rodriguez,ascensionpalomar@example.net,Barcelona,75
72,Edelmira Riera Novoa,azaharadomenech@example.net,Castellón,59
73,Celestina Carrión Chaparro,adrianasaura@example.net,Barcelona,27
74,Felicidad Lago Rivera,carlitoleiva@example.net,Lugo,45
75,Amalia Diez Peña,theredia@example.org,Cáceres,32
76,Nando Rios-Méndez,fustermaria-dolores@example.com,Almería,22
77,Araceli Terrón Vallés,juanmarquez@example.com,Guipúzcoa,45
78,Lope Dan Ribas Rivas,maria-belenjaen@example.org,Santa Cruz de Tenerife,31
79,Martina Hurtado-Asensio,renato58@example.org,Santa Cruz de Tenerife,64
80,Armando Franco-Gálvez,wilfredo44@example.com,Álava,66
81,Jorge Rivero Perez,mizaguirre@example.org,Sevilla,50
82,Iris Cantón Palomino,xsaenz@example.com,Sevilla,24
83,Ricardo Pelayo Azcona Salcedo,marino62@example.net,Alicante,64
84,Marc Luján Mesa,mseco@example.net,Ávila,70
85,Luis Barral-Casares,acevedodebora@example.org,La Rioja,41
86,Máxima Pagès Oliver,fuentesjacinta@example.com,Cáceres,37
87,Leonor Puerta Teruel,anunciacionserra@example.net,Lleida,18
88,Leire del Perea,casandrapalomo@example.com,Ávila,57
89,Santiago Benavides Vives,aitorcodina@example.com,Palencia,31
90,Amada Segarra Olivé,rufina71@example.org,Tarragona,30
91,Abel Mateos Gomila,andradepriscila@example.org,León,80
92,Elodia Aller,edelmira93@example.net,Santa Cruz de Tenerife,51
93,Jessica Oliva Goñi,mjaume@example.org,Madrid,44
94,Amancio del Palma,eusebia28@example.com,Cádiz,65
95,Ana Belén del Chaves,jcamino@example.net,Jaén,80
96,Daniela Carmona-Toledo,africabenitez@example.net,Murcia,55
97,Herminio Gómez Pazos,herreramoreno@example.com,Almería,24
98,Gastón Ureña Narváez,pradoporfirio@example.net,Murcia,73
99,Eva Cabezas Pablo,luisamanrique@example.net,Ourense,70
100,Gisela Ferreras Valera,fuertesplinio@example.org,Alicante,80
