" Camara ID "," Registro ID "," Temperatura C "," Potencia W "," Averia "
C01,C01-072,-20.322,2508.255,0
C02,C02-061,-19.978,1919.872,0
C04,C04-021,-21.889,1382.603,0
C03,C03-000,-0.148,1763.901,1
C04,C04-037,-14.967,1588.682,0
C01,C01-045,-13.878,2880.681,0
C02,C02-019,-10.774,2294.427,0
C02,C02-034,-12.687,3682.256,0
C03,C03-061,-25.679,1401.85,0
C03,C03-056,-13.704,3762.223,0
C02,C02-017,-25.077,2751.935,0
C03,C03-032,-20.602,2613.201,0
C01,C01-059,-19.695,2063.237,0
C04,C04-060,-1.792,3631.436,1
C03,C03-054,-17.961,1185.549,0
C04,C04-001,-21.795,3172.906,0
C01,C01-011,-19.187,2618.736,0
C03,C03-079,-13.977,1432.594,0
C01,C01-028,-15.08,3224.202,0
C03,C03-043,-14.06,2697.436,0
C04,C04-029,-18.024,1979.425,0
C04,C04-059,-8.777,2400.764,0
C03,C03-023,-18.177,3320.566,0
C02,C02-027,-5.973,1734.676,0
C01,C01-032,-14.379,1361.609,0
C03,C03-041,-26.06,2534.496,0
C01,C01-054,-27.028,2762.127,0
C03,C03-010,-6.232,2651.694,1
C01,C01-047,-14.567,2547.681,0
C01,C01-067,-14.236,2684.38,0
C04,C04-028,-15.434,3072.717,0
C04,C04-058,-18.923,1801.693,0
C02,C02-011,-16.279,2270.61,0
C01,C01-014,-15.027,1576.406,0
C02,C02-041,-26.787,2083.369,0
C04,C04-065,-19.162,1780.964,0
C04,C04-002,-12.305,1018.449,0
C01,C01-002,-18.485,1326.72,0
C02,C02-001,-16.911,3699.317,0
C02,C02-066,-19.929,1915.559,0
C04,C04-017,-17.909,1072.53,0
C03,C03-062,-13.938,1735.566,0
C02,C02-003,-40,3263.8,0
C04,C04-061,-24.386,2378.533,0
C04,C04-044,-22.701,1381.133,0
C01,C01-051,-19.962,1566.509,0
C04,C04-047,-18.869,3471.857,0
C02,C02-013,-16.145,1924.601,0
C01,C01-025,-19.786,2624.562,0
C02,C02-010,-7.745,2136.034,1
C02,C02-053,-26.571,1060.861,0
C01,C01-021,-17.565,2832.114,0
C02,C02-007,250,1904.793,0
C04,C04-039,-17.285,1712.257,0
C03,C03-007,250,1374.864,0
C04,C04-032,-20.169,3204.523,0
C02,C02-029,-16.205,2750.671,0
C02,C02-016,-17.99,3772.907,0
C01,C01-055,-15.888,1942.548,0
C03,C03-022,-21.741,2862.768,0
C03,C03-046,-19.264,1889.82,0
C04,C04-046,-19.002,622.229,0
C04,C04-069,-18.882,1805.792,0
C03,C03-025,-23.882,2052.055,0
C01,C01-066,-11.366,1207.405,0
C01,C01-056,-20.384,2298.498,0
C01,C01-012,-14.681,2143.591,0
C03,C03-027,-18.952,2486.515,0
C04,C04-013,-15.217,2844.744,0
C04,C04-024,-15.833,2347.73,0
C01,C01-004,-18.824,2375.325,0
C01,C01-063,-9.323,2482.546,0
C04,C04-068,-18.087,1717.608,0
C03,C03-015,-13.322,2204.789,0
C02,C02-006,-24.561,2494.625,0
C03,C03-018,-15.097,2180.913,0
C02,C02-062,-26.23,2401.612,0
C03,C03-048,-17.86,3037.651,0
C04,C04-026,-20.452,2121.695,0
C02,C02-056,-22.652,985.021,0
C03,C03-058,-17.963,3562.421,0
C02,C02-068,-18.476,2339.768,0
C02,C02-054,-18.27,2232.918,0
C04,C04-009,-19.944,2369.11,0
C03,C03-021,-21.572,1818.521,0
C02,C02-077,-16.516,974.552,0
C02,C02-078,-22.402,2802.206,0
C04,C04-066,-21.75,1939.146,0
C04,C04-033,-14.311,2130.248,0
C04,C04-003,-40,2825.351,0
C03,C03-040,-9.463,3260.221,1
C02,C02-063,-17.05,2064.527,0
C02,C02-071,-15.454,1559.401,0
C02,C02-057,-16.749,2540.535,0
C01,C01-019,-14.78,1648.568,0
C01,C01-062,-14.636,2302.068,0
C03,C03-020,-7.443,2541.145,1
C03,C03-004,-15.553,1070.753,0
C01,C01-075,-12.497,2271.304,0
C04,C04-010,-7.639,2994.398,1
C04,C04-041,-21.469,2277.763,0
C04,C04-006,-18.848,2361.894,0
C03,C03-003,-40,3606.436,0
C01,C01-034,-19.199,2770.361,0
C03,C03-008,-16.794,3479.222,0
C02,C02-020,1.516,2812.604,1
C04,C04-074,-24.072,2403.466,0
C01,C01-053,-14.898,2747.775,0
C04,C04-016,-17.738,1666.953,0
C02,C02-018,-19.164,2234.872,0
C01,C01-035,-15.793,3808.916,0
C01,C01-008,-17.064,3152.203,0
C04,C04-042,-13.863,1320.565,0
C01,C01-017,-21.48,2869.408,0
C03,C03-044,-20.304,1864.489,0
C02,C02-015,-20.708,2547.579,0
C01,C01-065,-18.464,2510.045,0
C04,C04-056,-16.398,3429.503,0
C02,C02-037,-17.822,2627.079,0
C01,C01-024,-20.383,1833.709,0
C01,C01-049,-10.578,2066.73,0
C04,C04-071,-17.323,2606.898,0
C01,C01-070,-11.743,3227.025,1
C03,C03-052,-20.84,2317.172,0
C03,C03-077,-25.226,2978.072,0
C04,C04-051,-17.214,2058.083,0
C03,C03-030,-7.607,2560.545,1
C02,C02-043,-17.729,2950.835,0
C04,C04-038,-10.093,3587.107,0
C03,C03-067,-17.906,3226.049,0
C02,C02-050,-1.275,2190.338,1
C01,C01-074,-17.008,2835.574,0
C04,C04-054,-18.665,2408.105,0
C01,C01-039,-18.267,2787.047,0
C04,C04-040,-10.292,3372.057,1
C03,C03-001,-15.076,1054.411,0
C03,C03-037,-14.875,2301.363,0
C04,C04-012,-12.627,2458.046,0
C03,C03-029,-20.883,3461.344,0
C03,C03-026,-18.286,1332.512,0
C01,C01-003,-40,2126.231,0
C01,C01-079,-17.666,2754.886,0
C01,C01-040,-9.749,2909.122,1
C01,C01-061,-17.164,1513.749,0
C01,C01-007,250,1640.469,0
C03,C03-073,-17.313,3293.318,0
C02,C02-044,-19.516,1816.137,0
C03,C03-063,-18.864,1543.717,0
C03,C03-071,-18.454,2865.245,0
C04,C04-063,-24.733,2366.489,0
C03,C03-013,-14.992,2191.38,0
C04,C04-062,-19.996,1427.835,0
C04,C04-076,-18.36,2592.797,0
C02,C02-079,-13.055,3537.049,0
C03,C03-036,-19.507,3077.457,0
C04,C04-052,-15.909,1970.952,0
C02,C02-012,-20.832,2639.915,0
C03,C03-038,-22.527,2665.079,0
C01,C01-048,-13.338,2280.561,0
C01,C01-013,-16.569,2461.339,0
C03,C03-069,-20.129,1927.69,0
C04,C04-023,-15.592,2165.05,0
C04,C04-070,-7.017,3429.607,1
C01,C01-000,-7.548,2987.613,1
C02,C02-051,-19.519,2578.419,0
C03,C03-068,-17.542,1514.908,0
C04,C04-014,-14.474,2497.182,0
C03,C03-024,-9.339,2315.745,0
C03,C03-055,-14.865,2724.584,0
C04,C04-030,-2.855,1575.775,1
C01,C01-022,-15.574,2527.425,0
C02,C02-036,-22.713,1751.892,0
C01,C01-009,-17.842,2230.89,0
C02,C02-060,-7.518,2670.456,1
C02,C02-022,-20.625,2340.614,0
C03,C03-009,-21.142,2436.922,0
C03,C03-076,-20.233,2523.395,0
C03,C03-064,-15.678,1583.725,0
C03,C03-017,-15.658,2224.614,0
C02,C02-025,-18.635,3432.889,0
C02,C02-004,-17.549,2637.595,0
C04,C04-035,-19.946,1449.67,0
C04,C04-067,-21.926,2167.871,0
C03,C03-011,-15.538,2363.083,0
C04,C04-015,-17.193,2861.605,0
C02,C02-005,-13.456,,0
C02,C02-024,-25.999,3601.604,0
C02,C02-009,-21.781,2636.842,0
C03,C03-039,-20.395,1699.475,0
C04,C04-049,-23.661,2714.854,0
C02,C02-045,-20.563,3292.768,0
C03,C03-002,-11.868,2464.677,0
C02,C02-031,-24.089,2017.231,0
C04,C04-025,-14.033,2989.125,0
C01,C01-046,-16.96,1642.886,0
C01,C01-071,-18.728,3613.174,0
C02,C02-033,-25.436,2277.217,0
C03,C03-006,-17.577,1997.624,0
C02,C02-052,-15.024,1423.509,0
C02,C02-040,-11.397,3518.216,1
C01,C01-044,-17.007,2409.18,0
C03,C03-033,-15.234,2786.927,0
C03,C03-047,-17.734,2437.232,0
C03,C03-060,-12.589,1421.979,1
C03,C03-050,-11.601,3569.202,1
C04,C04-008,-19.882,2520.826,0
C03,C03-078,-23.061,1794.727,0
C03,C03-035,-13.696,1784.645,0
C01,C01-005,-17.117,,0
C02,C02-070,-3.071,2636.583,1
C04,C04-022,-21.685,1412.004,0
C03,C03-012,-21.586,3445.31,0
C04,C04-064,-15.757,2553.934,0
C01,C01-023,-15.53,2611.02,0
C04,C04-075,-13.416,2183.903,0
C04,C04-078,-17.725,2399.122,0
C02,C02-074,-15.844,1063.227,0
C02,C02-002,-17.074,2107.623,0
C03,C03-028,-19.746,1800.523,0
C02,C02-030,-2.097,2932.942,1
C01,C01-010,-4.979,2155.196,1
C02,C02-073,-20.912,3599.597,0
C01,C01-020,-7.328,2908.965,1
C03,C03-074,-18.374,2071.981,0
C02,C02-046,-14.222,2616.809,0
C02,C02-058,-14.227,2814.017,0
C02,C02-048,-15.643,2499.935,0
C01,C01-069,-17.802,1960.928,0
C02,C02-023,-19.074,2431.62,0
C03,C03-019,-14.848,2737.05,0
C04,C04-057,-22.21,3429.327,0
C03,C03-016,-16.254,2180.103,0
C04,C04-018,-18.022,2568.692,0
C01,C01-031,-23.407,1954.15,0
C02,C02-032,-13.287,2602.681,0
C01,C01-073,-23.962,2042.949,0
C03,C03-075,-21.974,2745.934,0
C04,C04-073,-16.948,2716.756,0
C04,C04-007,250,3140.035,0
C03,C03-031,-19.417,2920.323,0
C01,C01-020,-7.328,2908.965,1
C01,C01-078,-20.661,3036.7,0
C03,C03-042,-17.339,1920.058,0
C01,C01-042,-20.157,2570.245,0
C01,C01-015,-15.841,1315.562,0
C01,C01-018,-15.476,1507.601,0
C04,C04-019,-13.303,2398.33,0
C03,C03-051,-15.993,3243.026,0
C01,C01-068,-12.173,2763.051,0
C04,C04-020,-3.473,3099.651,1
C04,C04-031,-17.326,2393.135,0
C03,C03-005,-16.885,,0
C01,C01-057,-11.445,1614.185,0
C02,C02-059,-18.725,3177.02,0
C01,C01-029,-16.078,2843.281,0
C03,C03-057,-19.212,2276.507,0
C02,C02-021,-16.668,1980.949,0
C04,C04-036,-12.756,2968.2,0
C02,C02-039,-22.377,1794.442,0
C01,C01-036,-15.644,1903.888,0
C03,C03-072,-20.008,2211.448,0
C02,C02-064,-20.713,2541.672,0
C02,C02-067,-18.265,1477.902,0
C02,C02-038,-15.795,1989.164,0
C01,C01-016,-27.956,1905.521,0
C04,C04-079,-20.973,2189.215,0
C04,C04-072,-24.278,2053.847,0
C04,C04-050,-7.856,4361.476,1
C03,C03-049,-17.133,2095.255,0
C01,C01-001,-18.423,2756.289,0
C04,C04-034,-18.329,2047.784,0
C01,C01-038,-14.381,1931.559,0
C02,C02-008,-14.69,2694.919,0
C02,C02-042,-16.29,3289.308,0
C02,C02-000,-2.159,3496.027,1
C01,C01-041,-24.997,1596.389,0
C02,C02-055,-16.688,1799.711,0
C02,C02-028,-23.682,1944.769,0
C02,C02-026,-21.827,2490.148,0
C01,C01-050,-0.946,3174.827,1
C01,C01-030,-1.58,3038.882,1
C02,C02-076,-17.995,2602.747,0
C03,C03-059,-24.579,2615.749,0
C02,C02-072,-16.815,2572.179,0
C03,C03-066,-20.906,2379.782,0
C03,C03-070,-4.245,3349.465,1
C03,C03-034,-12.681,1942.187,0
C04,C04-027,-20.025,1246.147,0
C02,C02-035,-15.866,2501.047,0
C03,C03-053,-18.223,2243.053,0
C04,C04-045,-19.077,1629.757,0
C01,C01-060,-6.628,2293.162,1
C02,C02-047,-5.345,2278.978,0
C01,C01-043,-13.465,2287.997,0
C02,C02-075,-15.899,2035.182,0
C04,C04-048,-22.243,2122.505,0
C01,C01-076,-22.246,2597.603,0
C01,C01-077,-16.035,2619.578,0
C02,C02-020,1.516,2812.604,1
C04,C04-055,-16.573,1968.292,0
C01,C01-037,-20.135,1759.472,0
C04,C04-077,-17.061,2738.514,0
C03,C03-045,-15.358,1314.552,0
C01,C01-033,-17.873,2464.604,0
C01,C01-058,-19.626,3185.16,0
C04,C04-004,-22.951,2047.386,0
C02,C02-049,-18.843,3805.511,0
C01,C01-026,-18.95,3818.24,0
C02,C02-014,-16.479,2959.792,0
C03,C03-014,-20.419,1790.164,0
C03,C03-065,-12.993,1654.481,0
C04,C04-005,-17.508,,0
C04,C04-000,-7.302,3148.266,1
C02,C02-065,-11.476,2324.866,0
C04,C04-053,-23.089,2496.266,0
C01,C01-006,-15.505,2371.83,0
C01,C01-052,-18.574,3225.159,0
C04,C04-011,-21.852,2817.668,0
C01,C01-064,-12.81,1452.878,0
C02,C02-069,-10.99,2913.258,0
C04,C04-043,-10.378,3318.36,0
C01,C01-027,-21.113,1585.732,0
