hiria,kategoria,produktua,salmenta
Bilbo,Elektronika,P0,442.0
Donostia,Janaria,P1,126.0
Bilbo,Elektronika,P2,304.0
Gasteiz,Janaria,P3,188.0
Gasteiz,Elektronika,P4,346.0
Bilbo,Janaria,P5,84.0
Gasteiz,Arropa,P6,366.0
Donostia,Janaria,P7,187.0
Donostia,Elektronika,P8,296.0
Gasteiz,Janaria,P9,376.0
Bilbo,Arropa,P10,136.0
Bilbo,Janaria,P11,69.0
Bilbo,Arropa,P12,106.0
Donostia,Arropa,P13,435.0
Gasteiz,Elektronika,P14,374.0
Bilbo,Arropa,P15,218.0
Gasteiz,Janaria,P16,131.0
Gasteiz,Elektronika,P17,111.0
Gasteiz,Janaria,P18,175.0
Donostia,Arropa,P19,147.0
Gasteiz,Arropa,P20,452.0
Bilbo,Arropa,P21,393.0
Donostia,Arropa,P22,456.0
Bilbo,Janaria,P23,349.0
Bilbo,Elektronika,P24,358.0
Gasteiz,Janaria,P25,279.0
Gasteiz,Janaria,P26,268.0
Donostia,Elektronika,P27,274.0
Gasteiz,Elektronika,P28,66.0
Bilbo,Janaria,P29,361.0
