group,score,positives,n,observed_rate,lower_95,upper_95
African-American,1,85,365,0.2328767123287671,0.19243475001386662,0.2788828165539527
African-American,2,105,346,0.30346820809248554,0.2574009555085868,0.3538515230899983
African-American,3,125,298,0.41946308724832215,0.36480872520358754,0.4761673945529966
African-American,4,158,337,0.4688427299703264,0.4162145438311468,0.5221732330764522
African-American,5,158,323,0.4891640866873065,0.4350977553659364,0.5434851330312168
African-American,6,187,318,0.5880503144654088,0.5332170582654896,0.6407816559001673
African-American,7,209,343,0.60932944606414,0.556757412604826,0.6594797127232985
African-American,8,215,301,0.7142857142857143,0.6608012829691956,0.7623695039016185
African-American,9,229,317,0.722397476340694,0.6706616550933715,0.768807734299972
African-American,10,190,227,0.8370044052863436,0.7834195596711201,0.8793729940652629
Caucasian,1,128,605,0.2115702479338843,0.18089729288310252,0.2458828730471192
Caucasian,2,100,321,0.3115264797507788,0.2633439469314943,0.3641666533493967
Caucasian,3,82,238,0.3445378151260504,0.2870634724858445,0.4069509435665122
Caucasian,4,98,243,0.40329218106995884,0.34358173483183446,0.4660126492536167
Caucasian,5,91,200,0.455,0.387482193098835,0.524213886275119
Caucasian,6,93,160,0.58125,0.5037778324249305,0.6549121608596999
Caucasian,7,68,113,0.6017699115044248,0.509597946993007,0.687249988937817
Caucasian,8,72,96,0.75,0.654901889760503,0.8258603163106593
Caucasian,9,55,77,0.7142857142857143,0.6051015707559996,0.8031048184086717
Caucasian,10,35,50,0.7,0.562496495355466,0.8089644649911906
