texture_mean,logit_z_full_fit,p_M_full_fit
9.71,-2.8179638654099715,0.056361126706135134
9.784110275689224,-2.800787146247529,0.05728165481830685
9.858220551378446,-2.7836104270850863,0.058216290078295534
9.93233082706767,-2.7664337079226438,0.05916521820935591
10.006441102756893,-2.7492569887602007,0.06012862637699465
10.080551378446117,-2.7320802695977577,0.06110670316491616
10.154661654135339,-2.7149035504353156,0.06209963854942522
10.228771929824562,-2.6977268312728726,0.06310762387224478
10.302882205513786,-2.68055011211043,0.06413085181170715
10.376992481203008,-2.6633733929479875,0.06516951635227745
10.451102756892231,-2.646196673785545,0.06622381275236619
10.525213032581455,-2.629019954623102,0.0672939375103895
10.599323308270677,-2.6118432354606593,0.06838008832903414
10.6734335839599,-2.5946665162982168,0.06948246407768505
10.747543859649124,-2.5774897971357738,0.07060126475297274
10.821654135338347,-2.5603130779733307,0.07173669143739805
10.895764411027569,-2.5431363588108886,0.07288894625599195
10.969874686716793,-2.5259596396484456,0.07405823233096827
11.043984962406016,-2.508782920486003,0.07524475373432633
11.11809523809524,-2.49160620132356,0.07644871543836328
11.192205513784462,-2.474429482161118,0.0776703232640529
11.266315789473685,-2.457252762998675,0.07890978382725158
11.340426065162909,-2.440076043836232,0.08016730448268879
11.41453634085213,-2.4228993246737898,0.08144309326570409
11.488646616541354,-2.4057226055113468,0.0827373588316903
11.562756892230578,-2.388545886348904,0.08405031039320347
11.6368671679198,-2.3713691671864616,0.0853821576547036
11.710977443609023,-2.354192448024019,0.08673311074488739
11.785087719298247,-2.337015728861576,0.08810338014657844
11.859197994987468,-2.319839009699134,0.08949317662413882
11.933308270676692,-2.302662290536691,0.09090271114837002
12.007418546365916,-2.285485571374248,0.092332194818869
12.08152882205514,-2.2683088522118053,0.09378183878381026
12.155639097744363,-2.2511321330493623,0.0952518541571236
12.229749373433584,-2.23395541388692,0.09674245193303968
12.303859649122808,-2.216778694724477,0.09825384289797882
12.377969924812032,-2.199601975562034,0.09978623753975666
12.452080200501253,-2.1824252563995916,0.10133984595408724
12.526190476190477,-2.165248537237149,0.10291487774836182
12.6003007518797,-2.1480718180747065,0.10451154194268647
12.674411027568922,-2.130895098912264,0.10613004686816316
12.748521303258146,-2.1137183797498214,0.10777060006240184
12.82263157894737,-2.096541660587378,0.10943340816225333
12.896741854636591,-2.0793649414249358,0.11111867679375553
12.970852130325815,-2.0621882222624928,0.11282661045929038
13.044962406015038,-2.04501150310005,0.11455741242194764
13.119072681704262,-2.027834783937607,0.11631128458710084
13.193182957393486,-2.0106580647751646,0.11808842738119862
13.267293233082707,-1.9934813456127223,0.11988903962778179
13.341403508771931,-1.9763046264502795,0.12171331842073889
13.415513784461155,-1.9591279072878365,0.12356145899481637
13.489624060150376,-1.9419511881253941,0.12543365459340472
13.5637343358396,-1.9247744689629511,0.12733009633362563
13.637844611528823,-1.9075977498005086,0.129250973068748
13.711954887218045,-1.8904210306380658,0.13119647124796846
13.786065162907269,-1.8732443114756232,0.13316677477359304
13.860175438596492,-1.8560675923131806,0.13516206485566365
13.934285714285714,-1.8388908731507383,0.13718251986407715
14.008395989974938,-1.8217141539882953,0.13922831517825035
14.082506265664161,-1.8045374348258523,0.1412996230343878
14.156616541353383,-1.78736071566341,0.14339661237041754
14.230726817042608,-1.770183996500967,0.14551944866866218
14.30483709273183,-1.7530072773385244,0.14766829379632018
14.378947368421054,-1.7358305581760816,0.14984330584383806
14.453057644110277,-1.7186538390136388,0.15204463896125794
14.5271679197995,-1.7014771198511962,0.1542724431926337
14.601278195488723,-1.6843004006887532,0.15652686430861265
14.675388471177946,-1.6671236815263106,0.15880804363728654
14.749498746867168,-1.6499469623638683,0.16111611789342242
14.823609022556392,-1.6327702432014255,0.16345121900618934
14.897719298245615,-1.6155935240389827,0.16581347394550303
14.971829573934837,-1.59841680487654,0.16820300454711842
15.04593984962406,-1.5812400857140974,0.17061992733660455
15.120050125313284,-1.5640633665516543,0.17306435335234407
15.194160401002506,-1.5468866473892122,0.17553638796770496
15.268270676691731,-1.5297099282267688,0.1780361307125409
15.342380952380953,-1.5125332090643262,0.18056367509417787
15.416491228070175,-1.4953564899018843,0.18311910841805945
15.4906015037594,-1.4781797707394408,0.18570251160822046
15.564711779448622,-1.4610030515769987,0.18831395902777062
15.638822055137846,-1.4438263324145555,0.19095351829957705
15.71293233082707,-1.4266496132521127,0.19362125012733383
15.787042606516291,-1.4094728940896704,0.19631720811722173
15.861152882205515,-1.3922961749272276,0.19904143860036053
15.935263157894738,-1.3751194557647848,0.2017939804562643
16.00937343358396,-1.3579427366023422,0.20457486493751717
16.08348370927318,-1.3407660174399,0.20738411549589042
16.157593984962407,-1.3235892982774566,0.2102217476101278
16.23170426065163,-1.3064125791150143,0.21308776861562992
16.305814536340854,-1.289235859952571,0.21598217753627802
16.379924812030076,-1.2720591407901285,0.21890496491863262
16.454035087719298,-1.2548824216276864,0.22185611266875863
16.528145363408523,-1.2377057024652427,0.22483559389192168
16.602255639097745,-1.2205289833028006,0.22784337273541003
16.67636591478697,-1.2033522641403571,0.23087940423474107
16.750476190476192,-1.186175544977915,0.23394363416350566
16.824586466165414,-1.1689988258154729,0.23703599888711896
16.898696741854636,-1.15182210665303,0.24015642522073546
16.97280701754386,-1.134645387490587,0.24330483029159714
17.046917293233083,-1.1174686683281447,0.24648112140607994
17.121027568922308,-1.100291949165701,0.24968519592170732
17.19513784461153,-1.083115230003259,0.2529169411243949
17.26924812030075,-1.0659385108408164,0.2561762341111994
17.343358395989974,-1.0487617916783742,0.2594629416788316
17.4174686716792,-1.031585072515931,0.26277692021820426
17.49157894736842,-1.0144083533534884,0.2661180156152733
17.565689223057646,-0.9972316341910452,0.26948606315843854
17.639799498746868,-0.9800549150286029,0.27288088745275557
17.71390977443609,-0.9628781958661606,0.2763023023412184
17.78802005012531,-0.9457014767037178,0.27975011083335877
17.862130325814537,-0.9285247575412747,0.2832241050414089
17.936240601503762,-0.9113480383788316,0.28672406612426654
18.010350877192984,-0.8941713192163893,0.29024976423949617
18.084461152882206,-0.8769946000539468,0.29380095850359245
18.158571428571427,-0.8598178808915042,0.29737739696072446
18.232681704260653,-0.8426411617290611,0.3009788165601728
18.306791979949875,-0.8254644425666188,0.3046049431426608
18.3809022556391,-0.8082877234041754,0.308255491435775
18.45501253132832,-0.7911110042417329,0.3119301650586543
18.529122807017544,-0.7739342850792904,0.31562865653612454
18.603233082706765,-0.7567575659168482,0.31935064732243623
18.67734335839599,-0.739580846754405,0.32309580783475744
18.751453634085216,-0.7224041275919618,0.3268637974965567
18.825563909774438,-0.7052274084295194,0.33065426479100285
18.89967418546366,-0.688050689267077,0.33446684732449067
18.97378446115288,-0.6708739701046346,0.3383011719003887
19.047894736842107,-0.6536972509421912,0.342156854603093
19.12200501253133,-0.6365205317797488,0.3460335008924514
19.196115288220554,-0.6193438126173056,0.3499307057086145
19.270225563909776,-0.6021670934548634,0.353848053587343
19.344335839598997,-0.584990374292421,0.35778511878579633
19.41844611528822,-0.5678136551299786,0.36174146541880164
19.492556390977445,-0.5506369359675353,0.3657166476055916
19.56666666666667,-0.5334602168050923,0.36971020962697715
19.640776942355892,-0.5162834976426496,0.37372168609290896
19.714887218045114,-0.49910677848020724,0.3777506021203589
19.788997493734335,-0.48193005931776495,0.38179647352143775
19.863107769423557,-0.46475334015532244,0.38585880700164665
19.937218045112783,-0.44757662099287937,0.3899371003681416
20.011328320802008,-0.43039990183043597,0.39403084274787253
20.08543859649123,-0.41322318266799335,0.39813951481543985
20.15954887218045,-0.3960464635055513,0.40226258903049517
20.233659147869673,-0.3788697443431086,0.40639952988449096
20.3077694235589,-0.3616930251806652,0.4105497941565705
20.38187969924812,-0.3445163060182231,0.4147128311783704
20.455989974937346,-0.32733958685577985,0.4188880831074907
20.530100250626568,-0.31016286769333734,0.4230749852093682
20.60421052631579,-0.292986148530895,0.4272729661472785
20.67832080200501,-0.2758094293684528,0.43148144828016793
20.752431077694236,-0.2586327102060094,0.4356998479680079
20.826541353383462,-0.2414559910435663,0.4399275758843435
20.900651629072684,-0.224279271881124,0.44416403733569926
20.974761904761905,-0.20710255271868133,0.44840863258748537
21.048872180451127,-0.18992583355623907,0.45266075719603666
21.12298245614035,-0.17274911439379667,0.45691980234640567
21.197092731829574,-0.1555723952313535,0.46118515519551645
21.2712030075188,-0.13839567606891007,0.4654561992202749
21.34531328320802,-0.1212189569064677,0.4697323145702233
21.419423558897243,-0.10404223774402532,0.47401287842431483
21.493533834586465,-0.08686551858158302,0.47829726535137485
21.56764411027569,-0.06968879941914001,0.4825848476738102
21.641754385964912,-0.052512080256697624,0.48687499583411814
21.715864661654138,-0.03533536109425393,0.4911670787637447
21.78997493734336,-0.01815864193181143,0.49546046425382956
21.86408521303258,-0.0009819227693694062,0.49975451932738146
21.938195488721803,0.01619479639307331,0.5040486106124138
22.01230576441103,0.03337151555551641,0.5083421047155755
22.086416040100254,0.050548234717959474,0.5126343685958092
22.160526315789475,0.06772495388040203,0.5169247699375676
22.234636591478697,0.08490167304284428,0.5212126775231214
22.30874686716792,0.10207839220528682,0.5254974616034921
22.382857142857144,0.1192551113677301,0.5297784942675485
22.456967418546366,0.13643183053017285,0.5340551498088072
22.53107769423559,0.1536085496926159,0.5383268050894856
22.605187969924813,0.17078526885505804,0.5425928399013563
22.679298245614035,0.18796198801750058,0.5468526373229661
22.753408521303257,0.2051387071799428,0.5511055840727813
22.827518796992482,0.22231542634238619,0.5553510708578411
22.901629072681708,0.23949214550482933,0.5595884927174963
22.97573934837093,0.2566688646672718,0.5638172493618371
23.04984962406015,0.2738455838297145,0.5680367455044091
23.123959899749373,0.29102230299215653,0.5722463911888394
23.198070175438595,0.30819902215459893,0.5764456021090035
23.27218045112782,0.3253757413170423,0.580633799922376
23.346290726817045,0.34255246047948557,0.5848104125562229
23.420401002506267,0.359729179641928,0.5889748745063115
23.49451127819549,0.3769058988043703,0.5931266271278214
23.56862155388471,0.394082617966813,0.5972651189181627
23.642731829573936,0.4112593371292559,0.6013898057914195
23.716842105263158,0.42843605629169856,0.6055001513441564
23.790952380952383,0.4456127754541413,0.6095956271123392
23.865062656641605,0.46278949461658425,0.6136757128191415
23.939172932330827,0.4799662137790261,0.617739896613423
24.01328320802005,0.497142932941469,0.6217876752986878
24.087393483709274,0.5143196521039123,0.6258185545523415
24.1615037593985,0.5314963712663554,0.6298320491350924
24.23561403508772,0.5486730904287976,0.6338276830903545
24.309724310776943,0.5658498095912405,0.63780498993353
24.383834586466165,0.5830265287536823,0.6417635128310641
24.457944862155387,0.6002032479161251,0.6457028047691917
24.532055137844612,0.6173799670785682,0.6496224287122995
24.606165413533837,0.6345566862410111,0.6535219577508588
24.68027568922306,0.6517334054034538,0.6574009752388935
24.75438596491228,0.668910124565896,0.6612590749209661
24.828496240601503,0.686086843728339,0.6650958610486841
24.902606516290728,0.7032635628907824,0.6689109484867429
24.97671679197995,0.7204402820532241,0.6727039628085408
25.050827067669175,0.7376170012156673,0.6764745403814165
25.124937343358397,0.7547937203781101,0.6802223284415694
25.19904761904762,0.7719704395405522,0.6839469851587507
25.27315789473684,0.7891471587029947,0.6876481796908152
25.347268170426066,0.8063238778654381,0.691325592228243
25.42137844611529,0.8235005970278808,0.6949789140287566
25.495488721804513,0.8406773161903238,0.6986078474421674
25.569598997493735,0.8578540353527658,0.702212105925599
25.643709273182957,0.8750307545152087,0.7057914140492493
25.717819548872182,0.892207473677652,0.70934550749286
25.791929824561404,0.9093841928400935,0.7128741330330777
25.866040100250625,0.9265609120025362,0.7163770485218992
25.94015037593985,0.9437376311649799,0.7198540228563979
26.014260651629073,0.9609143503274221,0.7233048359399454
26.088370927318298,0.9780910694898655,0.7267292786351478
26.16248120300752,0.9952677886523077,0.7301271527087156
26.23659147869674,1.0124445078147501,0.7334982707685086
26.310701754385967,1.0296212269771934,0.7368424561929866
26.38481203007519,1.0467979461396355,0.7401595430533153
26.45892230576441,1.0639746653020778,0.743449376028376
26.533032581453636,1.0811513844645215,0.7467118103129299
26.607142857142858,1.098328103626964,0.7499467115191966
26.68125313283208,1.1155048227894058,0.7531539555721086
26.755363408521305,1.1326815419518492,0.7563334285985023
26.829473684210527,1.149858261114292,0.759485026810509
26.90358395989975,1.167034980276734,0.7626086563834183
26.977694235588974,1.1842116994391776,0.7657042333282758
27.051804511278196,1.2013884186016202,0.7687716833594818
27.12591478696742,1.2185651377640627,0.7718109417576656
27.200025062656643,1.2357418569265055,0.7748219532280934
27.274135338345864,1.2529185760889474,0.7778046717548803
27.34824561403509,1.270095295251391,0.7807590604512705
27.42235588972431,1.287272014413833,0.7836850914062437
27.496466165413533,1.3044487335762767,0.7865827455277132
27.57057644110276,1.3216254527387192,0.7894520123825659
27.64468671679198,1.3388021719011618,0.7922928900338025
27.718796992481202,1.3559788910636041,0.7951053848750252
27.792907268170428,1.3731556102260474,0.7978895114625194
27.86701754385965,1.39033232938849,0.8006452923451709
27.94112781954887,1.4075090485509325,0.8033727578924573
28.015238095238097,1.4246857677133746,0.8060719461207435
28.08934837092732,1.4418624868758172,0.808742902518111
28.163458646616544,1.4590392060382604,0.811385679867942
28.237568922305766,1.4762159252007028,0.8140003380714751
28.311679197994987,1.4933926443631451,0.8165869439695457
28.385789473684213,1.5105693635255883,0.819145571163713
28.459899749373434,1.5277460826880318,0.821676299836976
28.534010025062656,1.544922801850474,0.8241792165742706
28.60812030075188,1.5620995210129174,0.8266544141829366
28.682230576441103,1.5792762401753588,0.8291019915133317
28.756340852130325,1.5964529593378018,0.8315220532797736
28.83045112781955,1.6136296785002457,0.8339147098819707
28.904561403508772,1.6308063976626872,0.8362800772271101
28.978671679197994,1.6479831168251295,0.8386182765527557
29.05278195488722,1.665159835987573,0.8409294342507032
29.12689223057644,1.6823365551500153,0.8432136816919378
29.201002506265663,1.6995132743124577,0.8454711550528298
29.27511278195489,1.7166899934749005,0.8477019951426966
29.34922305764411,1.7338667126373428,0.8499063472328555
29.423333333333336,1.7510434317997865,0.8520843608872841
29.497443609022557,1.7682201509622288,0.854236189794998
29.57155388471178,1.7853968701246712,0.8563619916042532
29.645664160401004,1.8025735892871153,0.8584619277586675
29.719774436090226,1.8197503084495565,0.860536163335356
29.793884711779448,1.8369270276120002,0.8625848668851692
29.867994987468673,1.854103746774443,0.8646082102751076
29.942105263157895,1.8712804659368854,0.8666063685329959
30.016215538847117,1.888457185099328,0.8685795196944812
30.090325814536342,1.9056339042617707,0.8705278446524204
30.164436090225564,1.922810623424213,0.8724515270087158
30.238546365914786,1.9399873425866552,0.8743507529286526
30.31265664160401,1.9571640617490984,0.8762257109977868
30.386766917293233,1.9743407809115403,0.8780765920814249
30.46087719298246,1.991517500073983,0.8799035891867386
30.53498746867168,2.0086942192364265,0.8817068973275441
30.609097744360902,2.0258709383988696,0.8834867133917782
30.683208020050127,2.0430476575613126,0.8852432360116963
30.75731829573935,2.060224376723755,0.886976665436813
30.83142857142857,2.077401095886197,0.8886872034096025
30.905538847117796,2.09457781504864,0.8903750530439731
30.979649122807018,2.1117545342110833,0.8920404187065231
31.05375939849624,2.1289312533735245,0.8936835059005863
31.127869674185465,2.1461079725359684,0.8953045211530705
31.201979949874687,2.163284691698411,0.8969036719040829
31.27609022556391,2.180461410860853,0.8984811663993468
31.350200501253134,2.197638130023296,0.9000372135853952
31.424310776942356,2.2148148491857382,0.901572023007536
31.49842105263158,2.231991568348182,0.9030858047105758
31.572531328320803,2.2491682875106256,0.9045787691422851
31.646641604010025,2.2663450066730673,0.9060511270595916
31.72075187969925,2.28352172583551,0.9075030894374783
31.794862155388472,2.300698444997953,0.9089348673805657
31.868972431077694,2.317875164160395,0.9103466720373556
31.94308270676692,2.3350518833228393,0.9117387145171094
32.01719298245614,2.352228602485279,0.9131112058093326
32.09130325814536,2.3694053216477227,0.9144643567058404
32.16541353383459,2.3865820408101657,0.9157983777253669
32.23952380952381,2.4037587599726105,0.917113479040693
32.31363408521303,2.4209354791350504,0.9184098704082534
32.38774436090226,2.438112198297495,0.9196877611001945
32.46185463659148,2.455288917459937,0.920947359838838
32.535964912280704,2.4724656366223803,0.9221888747335254
32.610075187969926,2.4896423557848206,0.9234125132197939
32.68418546365915,2.5068190749472654,0.9246184820008547
32.75829573934837,2.523995794109706,0.9258069869913265
32.83240601503759,2.5411725132721514,0.9269782332631916
32.90651629072681,2.5583492324345922,0.928132424993927
32.98062656641604,2.575525951597037,0.9292697654167763
33.054736842105264,2.5927026707594787,0.9303904567731138
33.128847117794486,2.6098793899219204,0.9314947002668668
33.202957393483715,2.6270561090843643,0.9325826960209467
33.277067669172936,2.6442328282468077,0.9336546430356516
33.35117794486216,2.661409547409251,0.9347107391489964
33.42528822055138,2.6785862665716937,0.935751180998927
33.4993984962406,2.695762985734134,0.9367761639873776
33.57350877192982,2.712939704896579,0.9377858822461286
33.647619047619045,2.7301164240590214,0.9387805286044192
33.72172932330827,2.7472931432214627,0.9397602945582789
33.795839598997496,2.7644698623839044,0.9407253702415299
33.86994987468672,2.78164658154635,0.9416759443984207
33.94406015037594,2.7988233007087904,0.9426122043578492
34.01817042606517,2.816000019871235,0.9435343360091355
34.09228070175439,2.8331767390336755,0.9444425237792988
34.16639097744361,2.8503534581961207,0.9453369506118041
34.240501253132834,2.867530177358563,0.9462177979467312
34.314611528822056,2.8847068965210023,0.9470852457023333
34.38872180451128,2.9018836156834467,0.9479394722579406
34.4628320802005,2.919060334845891,0.948780654438171
34.53694235588972,2.9362370540083336,0.9496089674984113
34.61105263157894,2.953413773170776,0.9504245851115299
34.68516290726817,2.9705904923332196,0.9512276793557822
34.75927318295739,2.987767211495661,0.9520184207038731
34.83338345864662,3.0049439306581047,0.9527969780131413
34.907493734335844,3.0221206498205473,0.953563518516827
34.981604010025066,3.0392973689829907,0.9543182078163901
35.05571428571429,3.056474088145434,0.9550612098748436
35.12982456140351,3.073650807307875,0.9557926870110673
35.20393483709273,3.0908275264703167,0.9565127998950711
35.27804511278195,3.108004245632762,0.957221707544171
35.352155388471175,3.1251809647952005,0.9579195673200497
35.4262656641604,3.1423576839576457,0.9586065349266693
35.500375939849626,3.15953440312009,0.9592827644090023
35.57448621553885,3.17671112228253,0.9599484081525559
35.64859649122807,3.1938878414449725,0.9606036168836559
35.7227067669173,3.211064560607414,0.9612485396704625
35.79681704260652,3.2282412797698585,0.9618833239246908
35.87092731829574,3.2454179989323007,0.9625081154040064
35.945037593984964,3.262594718094743,0.9631230582150718
36.019147869674185,3.279771437257184,0.9637282948172142
36.09325814536341,3.2969481564196297,0.9643239660266915
36.16736842105263,3.3141248755820687,0.9649102110215287
36.24147869674185,3.3313015947445153,0.9654871673469054
36.31558897243108,3.3484783139069587,0.9660549709210622
36.3896992481203,3.3656550330694013,0.9666137560417116
36.46380952380952,3.38283175223184,0.9671636553929251
36.53791979949875,3.4000084713942837,0.9677048000524764
36.612030075187974,3.417185190556726,0.9682373194996179
36.686140350877196,3.434361909719172,0.9687613416232729
36.76025062656642,3.4515386288816123,0.9692769927306185
36.83436090225564,3.468715348044057,0.9697843975560446
36.90847117794486,3.4858920672064984,0.9702836792704644
36.98258145363408,3.5030687863689387,0.9707749594909632
37.056691729323305,3.520245505531388,0.971258358290763
37.130802005012534,3.5374222246938265,0.9717339942094878
37.204912280701755,3.554598943856275,0.9722019842637133
37.27902255639098,3.571775663018717,0.9726624439577802
37.353132832080206,3.5889523821811538,0.9731154872948617
37.42724310776943,3.606129101343597,0.9735612267882641
37.50135338345865,3.623305820506041,0.973999773472947
37.57546365914787,3.640482539668483,0.9744312369172512
37.64957393483709,3.6576592588309254,0.974855725234817
37.723684210526315,3.674835977993365,0.9752733450966803
37.79779448621554,3.692012697155809,0.9756842017435345
37.87190476190476,3.709189416318251,0.9760883989981438
37.94601503759398,3.726366135480692,0.9764860392778969
38.02012531328321,3.743542854643134,0.9768772236074889
38.09423558897243,3.760719573805579,0.9772620516317194
38.16834586466165,3.7778962929680255,0.977640621628397
38.24245614035088,3.7950730121304685,0.978013030521338
38.316566416040104,3.8122497312929067,0.9783793738934506
38.390676691729325,3.82942645045536,0.9787397459998943
38.46478696741855,3.8466031696178007,0.9790942397813026
38.53889724310777,3.8637798887802415,0.9794429468770655
38.61300751879699,3.8809566079426827,0.9797859576386563
38.68711779448621,3.898133327105125,0.9801233611429992
38.761228070175434,3.9153100462675723,0.9804552452058674
38.83533834586466,3.932486765430014,0.980781696395303
38.909448621553885,3.9496634845924516,0.9811028000450552
38.98355889724311,3.966840203754896,0.9814186402680246
39.057669172932336,3.984016922917338,0.9817292999697091
39.13177944862156,4.001193642079779,0.9820348608616463
39.20588972431078,4.018370361242226,0.9823354034748425
39.28,4.035547080404664,0.9826310071731855
