row_id,texture_mean,diagnosis_observed_binary,p_M_full_fit
1,10.38,1,0.0652119958270665
2,17.77,1,0.27890935226835584
3,21.25,1,0.4642337051048194
4,20.38,1,0.4146070884562127
5,14.34,1,0.14869699415724316
6,15.7,1,0.19315369618805583
7,19.98,1,0.39229846061269147
8,20.83,1,0.4401250973245116
9,21.82,1,0.4972001142649683
10,24.04,1,0.6232427828734799
11,23.24,1,0.5788165740747347
12,17.89,1,0.2845372549752375
13,24.8,1,0.6636231201499411
14,23.95,1,0.6183322880017615
15,22.61,1,0.5428696273938236
16,27.54,1,0.78827164960387
17,20.13,1,0.4006169655431584
18,20.68,1,0.43157692160301003
19,22.15,1,0.5163155164680313
20,14.36,0,0.1492847340391421
21,15.71,0,0.19351515964883215
22,12.44,0,0.10108514716193437
23,14.26,1,0.14636511500783211
24,23.04,1,0.5674765082991986
25,21.38,1,0.47173528220905636
26,16.4,1,0.21970157994970654
27,21.53,1,0.480406621816166
28,20.25,1,0.4073135113400946
29,25.27,1,0.6874909518659877
30,15.05,1,0.17075313274412451
31,25.11,1,0.67946879107237
32,18.7,1,0.3242453329840197
33,23.98,1,0.6199718636339315
34,26.47,1,0.743938776094693
35,17.88,1,0.28406565808949286
36,21.59,1,0.4838787598163244
37,21.72,1,0.4914066203550253
38,18.42,0,0.3101911213142821
39,25.2,1,0.6839946982141925
40,20.82,1,0.43955405478564974
41,21.58,1,0.4832999529747348
42,21.35,1,0.4700028912313273
43,24.81,1,0.6641403035418565
44,20.28,1,0.4089931470968394
45,21.81,1,0.4966207053626896
46,17.6,1,0.2710544446319915
47,16.84,0,0.23768267984958952
48,18.66,1,0.3222173028933254
49,14.63,0,0.15740776343825774
50,22.3,0,0.524991932945017
51,21.6,0,0.4844576099132728
52,16.34,0,0.21732687085662378
53,18.24,0,0.3013357970959299
54,18.7,1,0.3242453329840197
55,22.02,1,0.5087878017973501
56,18.75,0,0.32678967307489054
57,18.57,1,0.31767871910957746
58,21.59,1,0.4838787598163244
59,19.31,0,0.3559586234533665
60,11.79,0,0.0881948939920059
61,14.88,0,0.16524619711747546
62,20.98,0,0.4487089314944444
63,22.15,1,0.5163155164680313
64,13.86,0,0.13515731183134014
65,23.84,1,0.6122976612001225
66,23.94,1,0.6177851611054833
67,21.01,0,0.4504295392408365
68,19.04,0,0.34174511607504854
69,17.33,0,0.25886849271294415
70,16.49,0,0.22329848594933596
71,21.31,1,0.4676941676587839
72,14.64,0,0.15771540866052905
73,24.52,1,0.6489862009898425
74,15.79,1,0.19642537749471242
75,16.52,0,0.22450673812321126
76,19.65,1,0.37422214620148886
77,10.94,0,0.0735848179314129
78,16.15,1,0.20992967369501284
79,23.97,1,0.6194256404853045
80,18.0,0,0.28975579753942465
81,20.97,0,0.44813566621721634
82,15.86,0,0.19899884294095607
83,24.91,1,0.6692903492824448
84,26.29,1,0.7359110215658519
85,15.65,0,0.19135408284388006
86,18.52,1,0.3151721057614753
87,21.46,1,0.4763582083355911
88,24.59,1,0.6526731020379711
89,21.8,0,0.49604130553651415
90,15.24,0,0.1770792846337238
91,24.02,0,0.6221537072954615
92,22.76,1,0.5514834951854548
93,14.76,0,0.1614453497842417
94,18.3,0,0.3042715988115984
95,19.83,1,0.38404201164887675
96,23.03,1,0.5669075412634433
97,17.84,0,0.2821839941842687
98,19.94,0,0.39009049559574666
99,12.84,0,0.1098263436122223
100,19.77,1,0.3807577623298012
101,24.98,1,0.6728714832569908
102,13.43,0,0.1239255165639932
103,20.52,0,0.42250370095252365
104,19.4,0,0.3607549489634129
105,19.29,0,0.3548966481606559
106,15.56,1,0.1881470924006192
107,18.33,0,0.30574551872480293
108,18.54,0,0.3161734708917776
109,19.67,1,0.3753083065938641
110,21.26,0,0.46481021883122803
111,16.99,0,0.24403922339244769
112,20.76,0,0.436131210369947
113,19.65,0,0.37422214620148886
114,20.19,0,0.40396076671166353
115,15.83,0,0.19789283817414455
116,21.53,0,0.480406621816166
117,15.76,0,0.195330187774704
118,16.67,1,0.2306175077009267
119,22.91,1,0.5600665857868434
120,20.01,1,0.3939573353031973
121,10.82,0,0.07171116594976731
122,17.12,1,0.24964058068884953
123,20.2,1,0.40451894418877626
124,10.89,0,0.07279871389100331
125,16.39,0,0.2193045041220408
126,17.21,0,0.25356835912244724
127,24.69,1,0.6579084130886302
128,18.91,1,0.3349997903146511
129,16.39,0,0.2193045041220408
130,25.12,1,0.6799733603644706
131,13.29,0,0.12044545952110275
132,19.48,1,0.3650418327012233
133,21.54,1,0.4809851891467508
134,13.93,0,0.1370649905534143
135,21.91,1,0.5024149460400149
136,22.47,1,0.5348067170726014
137,16.67,0,0.2306175077009267
138,15.39,0,0.18220244317708134
139,17.57,1,0.26968279839479986
140,13.39,0,0.12292249818300285
141,11.97,0,0.09160793678538924
142,18.05,1,0.2921465035521228
143,17.31,0,0.25798015047107187
144,15.92,0,0.20122477241250702
145,14.97,0,0.16814368446534095
146,14.65,0,0.1580235423931655
147,16.58,1,0.22693715315437837
148,18.77,0,0.32781028099735127
149,15.18,0,0.17506191292790635
150,17.91,0,0.2854818619344922
151,20.78,0,0.4372714990790482
152,20.7,0,0.43271444067506115
153,15.34,0,0.1804820391288235
154,13.08,0,0.115383714374877
155,15.34,0,0.1804820391288235
156,17.94,0,0.28690229684102597
157,20.74,1,0.43499159664868964
158,19.46,0,0.36396807288145455
159,12.74,0,0.10758083852106252
160,12.96,0,0.11257508967194767
161,20.18,0,0.4034028376713471
162,15.94,1,0.2019708756626149
163,18.15,1,0.29696247144458776
164,22.22,0,0.5203660542797149
165,22.04,1,0.5099462567404582
166,19.76,0,0.3802114375248607
167,9.71,0,0.056361126706135134
168,18.8,1,0.3293442479450254
169,24.68,1,0.6573865838599178
170,16.95,0,0.24233295157677678
171,12.39,0,0.10003698182195388
172,19.63,1,0.37313725161178046
173,11.89,1,0.0900766038311215
174,14.71,0,0.15988262215031024
175,15.15,0,0.174060036396787
176,14.45,0,0.15195329376225247
177,18.06,0,0.29262603261849396
178,20.11,1,0.3995044021636283
179,22.22,0,0.5203660542797149
180,13.06,0,0.1149114155656375
181,21.87,1,0.5000972404530616
182,26.57,1,0.7483288815877481
183,20.31,1,0.4106749098923065
184,14.92,0,0.16652899564294987
185,22.41,1,0.5313453585346717
186,15.11,0,0.17273124785853286
187,18.58,1,0.3181813187692399
188,17.19,0,0.25269200368555794
189,17.39,0,0.2615454363946658
190,15.9,0,0.2004807329426658
191,23.12,1,0.5720217178757188
192,21.41,0,0.4734683542496701
193,18.22,0,0.30036078395979593
194,26.86,1,0.7607750547485008
195,23.21,1,0.5771205516465139
196,16.33,0,0.21693289373390376
197,22.29,1,0.5244139162743866
198,21.84,1,0.4983589530734827
199,22.49,1,0.5359597752691287
200,20.22,1,0.4056360391138977
201,19.56,0,0.3693502243534105
202,19.32,1,0.356490143798242
203,26.67,1,0.7526687433140304
204,23.75,1,0.607334389495353
205,18.6,0,0.3191877885969742
206,16.68,1,0.23102900539309373
207,17.27,0,0.2562094417108921
208,20.26,1,0.4078731513314044
209,22.54,0,0.5388407126169462
210,12.91,0,0.11142255135683644
211,22.14,1,0.5157366807165616
212,18.94,0,0.33655055587615723
213,18.47,1,0.3126762071766143
214,25.56,1,0.7017466717603481
215,23.81,1,0.6106457695734975
216,16.93,1,0.24148286440186895
217,18.35,0,0.3067303481929804
218,17.48,0,0.26559422392678705
219,21.56,1,0.4821424752555706
220,32.47,1,0.9210846939162791
221,13.16,0,0.11728981991959413
222,13.9,0,0.1362446553640679
223,17.53,0,0.2678607617295372
224,20.25,1,0.4073135113400946
225,17.02,0,0.24532425498386173
226,13.47,0,0.12493555350867772
227,15.46,0,0.18463238154000722
228,15.51,0,0.18638335013600962
229,23.97,0,0.6194256404853045
230,22.33,1,0.5267255750440988
231,19.08,1,0.34383370378721606
232,27.08,0,0.7699313045358016
233,33.81,0,0.9409081133135604
234,27.81,1,0.7985276163715089
235,15.91,0,0.20085249474099517
236,21.25,0,0.4642337051048194
237,26.97,1,0.7653841533766396
238,21.46,1,0.4763582083355911
239,27.85,0,0.8000150028844776
240,39.28,1,0.9826310071731855
241,15.6,0,0.18956729711951503
242,15.04,0,0.1704252014775074
243,18.19,0,0.29890164642337613
244,23.77,0,0.6084392964798124
245,23.5,1,0.5934335916536927
246,19.86,0,0.38568813137809177
247,17.43,0,0.26333996645523017
248,14.11,0,0.1420745673975599
249,25.22,0,0.6849957760783238
250,14.93,0,0.16685093772137374
251,23.56,1,0.5967843703454122
252,18.45,0,0.31168086989624544
253,19.82,1,0.38349389282776686
254,17.08,1,0.24790798853679225
255,19.33,1,0.35702201784525667
256,17.05,1,0.24661384570979028
257,28.77,1,0.8319650967031567
258,17.27,1,0.2562094417108921
259,23.2,1,0.5765548045345292
260,33.56,1,0.9376029603774325
261,27.06,1,0.7691091674040554
262,23.06,1,0.5686139071197086
263,22.13,1,0.515157802739484
264,19.38,1,0.35968665580751985
265,22.07,1,0.5116837349894692
266,31.12,1,0.8951334288889844
267,18.95,0,0.33706826318200206
268,21.84,0,0.4983589530734827
269,16.21,0,0.2122454734243914
270,20.39,0,0.4151697299232553
271,16.82,0,0.23684380617706458
272,13.04,0,0.11444079991075866
273,20.99,1,0.4492823330857163
274,15.67,0,0.19207238791028364
275,24.48,1,0.6468713557462037
276,17.36,0,0.26020473287783485
277,14.16,0,0.14349296482470797
278,19.98,1,0.39229846061269147
279,17.84,0,0.2821839941842687
280,15.18,0,0.17506191292790635
281,26.6,1,0.7496361294556239
282,14.02,0,0.13955094667023787
283,18.18,1,0.2984161718676567
284,18.77,1,0.32781028099735127
285,15.7,0,0.19315369618805583
286,18.4,0,0.30920013603811064
287,20.76,0,0.436131210369947
288,13.12,0,0.11633337722578423
289,19.96,0,0.391193921295079
290,18.89,0,0.3339679196188027
291,19.73,0,0.3785742876114872
292,19.1,0,0.3448802727916432
293,16.02,0,0.2049759368283726
294,17.46,0,0.2646910444153359
295,13.78,0,0.13300458938702656
296,13.27,0,0.11995525108078237
297,12.35,0,0.09920541619447834
298,18.14,1,0.2964788145924722
299,18.17,0,0.29793115074260185
300,23.09,0,0.5703186455979585
301,18.9,1,0.3344836570430468
302,19.89,0,0.3873368699496682
303,23.86,1,0.6133974923425881
304,18.61,0,0.31969165712820985
305,18.16,0,0.2974465837141578
306,24.49,0,0.6474006103537181
307,15.82,0,0.19752520044393557
308,14.4,0,0.15046595914012645
309,12.71,0,0.10691510300975303
310,13.84,0,0.13461639087602775
311,19.11,0,0.34540412260081876
312,15.69,0,0.19279274649655884
313,13.37,0,0.12242361150881663
314,10.72,0,0.07018352020283647
315,18.6,0,0.3191877885969742
316,16.85,0,0.23810288274121422
317,14.08,0,0.14122915680170045
318,18.87,1,0.33293763602251086
319,18.9,0,0.3344836570430468
320,17.0,0,0.24446706026268375
321,16.18,0,0.21108524749381258
322,19.66,1,0.3747650687632614
323,13.32,0,0.1211840133595734
324,21.51,1,0.4792496463378115
325,15.21,0,0.17606832687336785
326,17.3,0,0.2575367257883791
327,12.88,0,0.11073599235299286
328,17.93,0,0.28642834937163364
329,20.71,1,0.4332834671095033
330,21.88,1,0.5006766711322953
331,15.51,1,0.18638335013600962
332,19.35,0,0.35808682273509956
333,19.86,0,0.38568813137809177
334,14.78,0,0.16207388557316318
335,19.02,0,0.3407031131512805
336,21.0,1,0.449855869499
337,14.23,0,0.1454985034847822
338,21.43,1,0.4746240934790743
339,17.53,0,0.2678607617295372
340,24.27,1,0.6356753958544435
341,16.54,0,0.22531481629497688
342,16.84,0,0.23768267984958952
343,14.96,0,0.1678197504458213
344,21.68,1,0.4890897817837638
345,15.45,0,0.18428371875226932
346,14.71,0,0.15988262215031024
347,18.9,0,0.3344836570430468
348,14.74,0,0.16081878368935235
349,16.03,0,0.20535389332155551
350,14.96,0,0.1678197504458213
351,17.07,0,0.24747610225073446
352,19.22,1,0.3511910329673404
353,17.46,1,0.2646910444153359
354,25.74,1,0.7104042709148249
355,14.07,0,0.14094828879673843
356,19.07,0,0.3433109865858145
357,18.59,0,0.31868434220390357
358,16.21,0,0.2122454734243914
359,15.49,0,0.1856814310563877
360,18.32,0,0.30525376812732125
361,18.07,0,0.29310602286389187
362,21.57,0,0.4827211909381089
363,18.84,0,0.33139520257802707
364,18.29,0,0.3037811815247205
365,16.95,0,0.24233295157677678
366,21.78,1,0.4948825393362375
367,26.83,1,0.7595073088927405
368,18.02,0,0.29071068962661395
369,17.25,1,0.25532708074687177
370,21.9,1,0.5018355254820358
371,23.29,1,0.5816391307627611
372,13.21,0,0.11849495514153842
373,15.1,1,0.1724003074283303
374,17.35,1,0.25975882306742293
375,16.07,0,0.20687088541135645
376,16.07,0,0.20687088541135645
377,20.22,0,0.4056360391138977
378,28.21,0,0.8130309692049867
379,15.15,0,0.174060036396787
380,18.83,1,0.3308818596100747
381,12.96,0,0.11257508967194767
382,14.93,0,0.16685093772137374
383,22.72,0,0.5491892652012376
384,17.48,0,0.26559422392678705
385,13.72,0,0.13140915596681
386,23.29,1,0.5816391307627611
387,14.09,0,0.14151049229661142
388,16.16,0,0.21031434806292001
389,15.5,0,0.18603213520622508
390,23.21,1,0.5771205516465139
391,12.22,0,0.09654517721040679
392,16.84,0,0.23768267984958952
393,19.97,1,0.3917460523879368
394,22.28,1,0.5238358341862515
395,17.72,0,0.27658464333634764
396,17.18,0,0.2522545784266013
397,18.89,0,0.3339679196188027
398,17.46,0,0.2646910444153359
399,14.83,0,0.16365385891520845
400,17.26,0,0.2557680114932979
401,21.02,1,0.4510033408163562
402,10.91,0,0.07311222259861261
403,18.29,0,0.3037811815247205
404,16.17,0,0.21069953932722982
405,14.95,0,0.1674963148374166
406,18.59,0,0.31868434220390357
407,14.86,0,0.16460777562650813
408,21.37,0,0.47115774082782436
409,20.66,1,0.4304401238785277
410,17.92,0,0.28595487087808996
411,17.57,0,0.26968279839479986
412,16.83,0,0.23726298759655143
413,21.68,0,0.4890897817837638
414,22.11,0,0.5139999263104131
415,29.81,1,0.8630269948619804
416,21.17,0,0.4596251638418492
417,21.7,0,0.49024814870406347
418,21.08,1,0.45444883489023646
419,12.17,0,0.09553908410677142
420,21.41,0,0.4734683542496701
421,19.04,0,0.34174511607504854
422,13.98,0,0.13844144548901974
423,16.02,0,0.2049759368283726
424,19.13,0,0.3464529478225024
425,19.12,0,0.3459283479462972
426,21.28,0,0.4659635269043413
427,14.98,0,0.16846811717686036
428,21.98,0,0.5064706211962934
429,16.62,0,0.22856772481519835
430,17.67,0,0.2742719408808571
431,22.53,1,0.5382647264533937
432,17.68,0,0.27473351787842437
433,19.54,1,0.3682711417788216
434,21.97,1,0.5058912787167068
435,16.94,0,0.2419076537339226
436,19.62,1,0.3725952819398159
437,19.54,0,0.3682711417788216
438,15.98,0,0.20346927565933068
439,19.6,0,0.37151230370839905
440,15.66,0,0.19171297875396984
441,17.2,0,0.25312993068900114
442,25.42,1,0.6949111841775171
443,15.79,0,0.19642537749471242
444,18.32,0,0.30525376812732125
445,16.85,1,0.23810288274121422
446,24.89,0,0.668263531513072
447,28.03,1,0.8066062196465774
448,17.66,0,0.27381084660200833
449,19.34,0,0.3575542445175906
450,20.52,1,0.42250370095252365
451,21.54,0,0.4809851891467508
452,25.0,1,0.6738909983405938
453,28.23,0,0.8137345890004187
454,13.98,0,0.13844144548901974
455,17.15,0,0.2509453162103366
456,30.72,0,0.8861066694552259
457,29.29,0,0.8481469250527574
458,25.25,0,0.6864941744310838
459,25.13,0,0.680477508891665
460,28.2,0,0.8126783925440177
461,27.15,1,0.7727925957380543
462,26.27,1,0.7350091560707425
463,26.99,0,0.7662155224866295
464,18.36,0,0.30722342561022
465,18.22,0,0.30036078395979593
466,20.13,0,0.4006169655431584
467,20.74,0,0.43499159664868964
468,18.1,0,0.2945487544012727
469,23.33,1,0.5838933427941718
470,18.18,0,0.2984161718676567
471,18.49,0,0.3136732745182667
472,28.14,0,0.8105521876233301
473,14.93,0,0.16685093772137374
474,29.97,0,0.867351977930511
475,15.62,0,0.19028047321207345
476,15.73,0,0.19423962837493297
477,20.53,0,0.42306931388061025
478,16.62,0,0.22856772481519835
479,14.59,0,0.15618206090064607
480,19.51,1,0.3666549901852965
481,18.03,0,0.2911888314399131
482,19.24,0,0.3522479744509913
483,14.06,0,0.14066788786997414
484,17.64,0,0.27289010811555914
485,11.28,0,0.07914061507364756
486,16.41,0,0.22009917203671028
487,16.85,0,0.23810288274121422
488,18.82,1,0.3303689189135647
489,16.17,0,0.21069953932722982
490,20.2,1,0.40451894418877626
491,22.44,0,0.5330764358343533
492,13.23,0,0.11898000275549778
493,20.56,1,0.4247673574411227
494,12.83,0,0.10959995723313148
495,20.54,0,0.42363512854681434
496,20.21,0,0.4050773687684395
497,18.17,0,0.29793115074260185
498,17.31,0,0.25798015047107187
499,17.52,1,0.26740647424555936
500,21.24,1,0.4636572869522853
501,16.74,0,0.233508767166571
502,24.49,1,0.6474006103537181
503,16.32,0,0.21653943322636277
504,19.83,1,0.38404201164887675
505,12.87,0,0.11050796367887557
506,13.14,0,0.11681074913156973
507,20.04,0,0.39561865807500507
508,17.12,0,0.24964058068884953
509,15.7,0,0.19315369618805583
510,23.95,1,0.6183322880017615
511,14.69,0,0.15926096910158738
512,14.7,0,0.15957155037792814
513,20.52,1,0.42250370095252365
514,13.66,0,0.1298299944702216
515,19.07,1,0.3433109865858145
516,18.61,0,0.31969165712820985
517,20.58,1,0.4259003763098555
518,20.26,1,0.4078731513314044
519,18.22,0,0.30036078395979593
520,16.7,0,0.2318535407569853
521,13.9,0,0.1362446553640679
522,21.6,1,0.4844576099132728
523,19.83,0,0.38404201164887675
524,18.68,0,0.32323048705013374
525,15.68,0,0.19243231044715978
526,13.1,0,0.11585770028285147
527,18.75,0,0.32678967307489054
528,12.27,0,0.09756072234827035
529,13.17,0,0.11752999361688359
530,13.44,0,0.12417736663227863
531,17.56,0,0.2692265570924929
532,20.02,0,0.3945108392666562
533,16.33,0,0.21693289373390376
534,20.67,1,0.4310084318518772
535,17.62,0,0.2719713062133014
536,20.86,1,0.44183917014269986
537,22.55,1,0.5394165950869513
538,24.44,0,0.6447507434208368
539,25.49,0,0.6983399256203259
540,25.44,0,0.6958930550694544
541,14.44,0,0.1516548645804937
542,24.99,0,0.673381445644973
543,25.42,0,0.6949111841775171
544,28.06,0,0.8076885516079086
545,20.7,0,0.43271444067506115
546,23.23,0,0.5782514378253613
547,16.35,0,0.21772136455239124
548,16.58,0,0.22693715315437837
549,19.34,0,0.3575542445175906
550,24.21,0,0.6324487588730332
551,21.48,0,0.47751460426562026
552,22.44,0,0.5330764358343533
553,29.43,0,0.8522790003636543
554,21.94,0,0.5041531625723322
555,28.92,0,0.8367694053236575
556,27.61,0,0.7909667741017375
557,19.59,0,0.37097129748632623
558,27.88,0,0.8011251277318462
559,22.68,0,0.54689294180823
560,23.93,0,0.6172377354035528
561,27.15,0,0.7727925957380543
562,29.37,0,0.8505196074893591
563,30.62,1,0.8837465693984187
564,25.09,1,0.6784583935168923
565,22.39,1,0.5301908851492866
566,28.25,1,0.8144361652220967
567,28.08,1,0.8084075386929932
568,29.33,1,0.8493371084094853
569,24.54,0,0.6500414399789706
