row_id,fold,texture_mean,real,predicho,acierto,p_B,p_M
1,2,10.38,M,B,0,0.9413973863007407,0.05860261369925939
2,9,17.77,M,B,0,0.7160215116847233,0.2839784883152767
3,7,21.25,M,B,0,0.5386310225171431,0.4613689774828568
4,4,20.38,M,B,0,0.58950342364989,0.4104965763501101
5,3,14.34,M,B,0,0.8587472012362114,0.14125279876378855
6,10,15.7,M,B,0,0.8056382376870631,0.19436176231293686
7,3,19.98,M,B,0,0.609667356987653,0.39033264301234705
8,9,20.83,M,B,0,0.5539552143778979,0.4460447856221021
9,1,21.82,M,B,0,0.500868115565698,0.499131884434302
10,5,24.04,M,M,1,0.37993752279422266,0.6200624772057773
11,7,23.24,M,M,1,0.4287989194244647,0.5712010805755353
12,9,17.89,M,B,0,0.710341097408264,0.28965890259173604
13,8,24.8,M,M,1,0.3303928580954899,0.6696071419045101
14,4,23.95,M,M,1,0.3952680060524658,0.6047319939475342
15,1,22.61,M,M,1,0.4547830879732566,0.5452169120267434
16,10,27.54,M,M,1,0.22048051363247978,0.7795194863675202
17,8,20.13,M,B,0,0.5969930712294297,0.4030069287705703
18,1,20.68,M,B,0,0.5671413336234135,0.4328586663765865
19,10,22.15,M,M,1,0.48983698852960444,0.5101630114703956
20,3,14.36,B,B,1,0.8581616211017837,0.1418383788982163
21,8,15.71,B,B,1,0.8074398497174355,0.1925601502825645
22,3,12.44,B,B,1,0.9057442930708196,0.09425570692918042
23,5,14.26,M,B,0,0.8481986314624506,0.1518013685375495
24,4,23.04,M,M,1,0.4440899739687101,0.5559100260312899
25,3,21.38,M,B,0,0.5271162367699922,0.47288376323000786
26,7,16.4,M,B,0,0.7740039697238017,0.2259960302761983
27,10,21.53,M,B,0,0.524961880952164,0.475038119047836
28,8,20.25,M,B,0,0.5901783369102316,0.4098216630897684
29,7,25.27,M,M,1,0.32361340417830875,0.6763865958216912
30,2,15.05,M,B,0,0.838993678148776,0.16100632185122402
31,5,25.11,M,M,1,0.32483457892357137,0.6751654210764286
32,1,18.7,M,B,0,0.6755632396668318,0.32443676033316815
33,9,23.98,M,M,1,0.37465201838472784,0.6253479816152722
34,7,26.47,M,M,1,0.2682542019322143,0.7317457980677857
35,6,17.88,M,B,0,0.7169106626593436,0.28308933734065644
36,6,21.59,M,B,0,0.5116708525106279,0.4883291474893721
37,4,21.72,M,B,0,0.5166093805016513,0.4833906194983487
38,5,18.42,B,B,1,0.68575552041543,0.3142444795845701
39,4,25.2,M,M,1,0.3316285454139771,0.6683714545860229
40,7,20.82,M,B,0,0.562238211713004,0.437761788286996
41,9,21.58,M,B,0,0.5107730773464184,0.4892269226535816
42,5,21.35,M,B,0,0.5295025187766292,0.47049748122337076
43,9,24.81,M,M,1,0.33083967784865664,0.6691603221513434
44,5,20.28,M,B,0,0.5890345186484989,0.4109654813515012
45,6,21.81,M,M,1,0.4985901396167435,0.5014098603832565
46,8,17.6,M,B,0,0.7287988128863359,0.2712011871136641
47,8,16.84,B,B,1,0.7626833661022263,0.2373166338977737
48,10,18.66,M,B,0,0.6793351557412846,0.3206648442587154
49,9,14.63,B,B,1,0.8390899792609464,0.16091002073905356
50,6,22.3,B,M,0,0.4694890458645089,0.5305109541354911
51,6,21.6,B,B,1,0.5110764858859902,0.48892351411400975
52,5,16.34,B,B,1,0.7773770444951358,0.22262295550486425
53,7,18.24,B,B,1,0.694821696651764,0.305178303348236
54,6,18.7,M,B,0,0.6757121231812517,0.3242878768187483
55,6,22.02,M,M,1,0.48610555159146984,0.5138944484085302
56,1,18.75,B,B,1,0.6729939531434175,0.3270060468565825
57,4,18.57,M,B,0,0.6815691178258667,0.31843088217413335
58,4,21.59,M,B,0,0.5237633658021847,0.47623663419781526
59,6,19.31,B,B,1,0.6431436872135485,0.3568563127864514
60,4,11.79,B,B,1,0.9051570333208407,0.09484296667915924
61,6,14.88,B,B,1,0.8379153010917821,0.16208469890821783
62,1,20.98,B,B,1,0.5498356139527811,0.45016438604721887
63,5,22.15,M,M,1,0.48434041069028133,0.5156595893097187
64,4,13.86,B,B,1,0.8580856620646093,0.1419143379353907
65,5,23.84,M,M,1,0.39064260194819,0.60935739805181
66,2,23.94,M,M,1,0.3793262020722924,0.6206737979277076
67,6,21.01,B,B,1,0.5460333588043522,0.45396664119564784
68,7,19.04,B,B,1,0.6559363508838558,0.3440636491161442
69,3,17.33,B,B,1,0.7473362660358212,0.2526637339641788
70,4,16.49,B,B,1,0.771993620126001,0.22800637987399897
71,2,21.31,M,B,0,0.5353463534220766,0.4646536465779234
72,8,14.64,B,B,1,0.8436113607844615,0.1563886392155385
73,9,24.52,M,M,1,0.3458621595973488,0.6541378404026512
74,6,15.79,M,B,0,0.8063298594577728,0.19367014054222714
75,3,16.52,B,B,1,0.7823872311042654,0.21761276889573458
76,2,19.65,M,B,0,0.63223299066044,0.36776700933956
77,1,10.94,B,B,1,0.9275101075724096,0.0724898924275904
78,1,16.15,M,B,0,0.7908534388843533,0.20914656111564667
79,9,23.97,M,M,1,0.3751943660502015,0.6248056339497985
80,2,18.0,B,B,1,0.7190156872708244,0.28098431272917557
81,3,20.97,B,B,1,0.5516562045709268,0.44834379542907327
82,5,15.86,B,B,1,0.7955856796498105,0.20441432035018947
83,5,24.91,M,M,1,0.3348254529832224,0.6651745470167776
84,4,26.29,M,M,1,0.28066647112337006,0.7193335288766299
85,2,15.65,B,B,1,0.8184845484785306,0.18151545152146947
86,4,18.52,M,B,0,0.6839569448609766,0.31604305513902337
87,1,21.46,M,B,0,0.5219112952857057,0.47808870471429427
88,9,24.59,M,M,1,0.3422063802913222,0.6577936197086778
89,2,21.8,B,B,1,0.505873289296637,0.494126710703363
90,8,15.24,B,B,1,0.8240602830750459,0.1759397169249542
91,1,24.02,B,M,0,0.3748982897466443,0.6251017102533557
92,3,22.76,M,M,1,0.4442448220185582,0.5557551779814418
93,5,14.76,B,B,1,0.8330693046870155,0.1669306953129845
94,3,18.3,B,B,1,0.7007192981490775,0.2992807018509225
95,5,19.83,M,B,0,0.6134124135115583,0.3865875864884417
96,8,23.03,M,M,1,0.42806883115854144,0.5719311688414586
97,3,17.84,B,B,1,0.7234353585138209,0.27656464148617915
98,7,19.94,B,B,1,0.609574709561901,0.39042529043809904
99,3,12.84,B,B,1,0.8971878774453584,0.10281212255464152
100,10,19.77,M,B,0,0.6222289568476559,0.3777710431523441
101,4,24.98,M,M,1,0.3424665360035871,0.6575334639964129
102,9,13.43,B,B,1,0.8731583442716921,0.12684165572830788
103,8,20.52,B,B,1,0.5747217138881536,0.42527828611184637
104,7,19.4,B,B,1,0.637690031251263,0.362309968748737
105,2,19.29,B,B,1,0.6521710082828152,0.3478289917171849
106,6,15.56,M,B,0,0.8147306043823173,0.18526939561768274
107,1,18.33,B,B,1,0.6942415863659399,0.30575841363406014
108,7,18.54,B,B,1,0.6805256049425017,0.3194743950574983
109,9,19.67,M,B,0,0.6189543773081552,0.38104562269184483
110,6,21.26,B,B,1,0.5312564171893333,0.46874358281066675
111,7,16.99,B,B,1,0.7502857970445863,0.24971420295541366
112,1,20.76,B,B,1,0.5625406815454286,0.4374593184545714
113,2,19.65,B,B,1,0.63223299066044,0.36776700933956
114,3,20.19,B,B,1,0.5975609857230437,0.4024390142769563
115,1,15.83,B,B,1,0.8029678131446825,0.19703218685531756
116,2,21.53,B,B,1,0.5221317415574049,0.477868258442595
117,8,15.76,B,B,1,0.8056031453631807,0.1943968546368193
118,2,16.67,M,B,0,0.7790632660675172,0.22093673393248275
119,1,22.91,M,M,1,0.4374410729669135,0.5625589270330865
120,2,20.01,M,B,0,0.6118323299236663,0.38816767007633374
121,5,10.82,B,B,1,0.9240020888619431,0.0759979111380569
122,2,17.12,M,B,0,0.7598270430605178,0.24017295693948218
123,2,20.2,M,B,0,0.6008999675032485,0.3991000324967516
124,7,10.89,B,B,1,0.9208346720834479,0.07916532791655202
125,5,16.39,B,B,1,0.7754152491736725,0.22458475082632742
126,6,17.21,B,B,1,0.7481107358846248,0.2518892641153751
127,7,24.69,M,M,1,0.35239875788344954,0.6476012421165505
128,10,18.91,M,B,0,0.6668626687979066,0.33313733120209343
129,7,16.39,B,B,1,0.7743918895213571,0.225608110478643
130,7,25.12,M,M,1,0.33094151155075413,0.6690584884492459
131,5,13.29,B,B,1,0.874326811828027,0.12567318817197304
132,3,19.48,M,B,0,0.6379306305115907,0.3620693694884093
133,6,21.54,M,B,0,0.5146421570690252,0.4853578429309749
134,7,13.93,B,B,1,0.8555929424717901,0.1444070575282099
135,9,21.91,M,M,1,0.4916833069893234,0.5083166930106766
136,4,22.47,M,M,1,0.47529454281061423,0.5247054571893858
137,6,16.67,B,B,1,0.7715371340560155,0.2284628659439844
138,3,15.39,B,B,1,0.8251903422583139,0.17480965774168614
139,2,17.57,M,B,0,0.7394760619189875,0.26052393808101243
140,5,13.39,B,B,1,0.8718223706848367,0.1281776293151633
141,9,11.97,B,B,1,0.9061112558817832,0.09388874411821685
142,9,18.05,M,B,0,0.7026635655650806,0.2973364344349194
143,3,17.31,B,B,1,0.7482451617776644,0.2517548382223356
144,8,15.92,B,B,1,0.7996365071606333,0.20036349283936677
145,1,14.97,B,B,1,0.8328777062233268,0.16712229377667315
146,3,14.65,B,B,1,0.8494413367624742,0.1505586632375258
147,4,16.58,M,B,0,0.768481899985586,0.23151810001441395
148,7,18.77,B,B,1,0.6693287696341657,0.3306712303658344
149,4,15.18,B,B,1,0.8188297611180024,0.18117023888199754
150,2,17.91,B,B,1,0.7233782504033578,0.2766217495966422
151,3,20.78,B,B,1,0.5629509132679575,0.4370490867320425
152,2,20.7,B,B,1,0.571672506880106,0.42832749311989404
153,3,15.34,B,B,1,0.8269214712897239,0.17307852871027607
154,6,13.08,B,B,1,0.8880487928219881,0.11195120717801187
155,5,15.34,B,B,1,0.8140363261610528,0.18596367383894719
156,3,17.94,B,B,1,0.7185884696311827,0.2814115303688173
157,6,20.74,M,B,0,0.5619011040947142,0.43809889590528583
158,8,19.46,B,B,1,0.6342923795598108,0.3657076204401893
159,4,12.74,B,B,1,0.8855858254281814,0.11441417457181859
160,2,12.96,B,B,1,0.8960986945200953,0.10390130547990468
161,4,20.18,B,B,1,0.6001307903710271,0.3998692096289729
162,2,15.94,M,B,0,0.8078657577775803,0.1921342422224197
163,7,18.15,M,B,0,0.6990399316868647,0.3009600683131352
164,4,22.22,B,M,0,0.4890565177332754,0.5109434822667246
165,6,22.04,M,M,1,0.48491720201863986,0.5150827979813601
166,8,19.76,B,B,1,0.6177604183859744,0.38223958161402555
167,6,9.71,B,B,1,0.9464744394943784,0.05352556050562164
168,7,18.8,M,B,0,0.6678537171116712,0.33214628288832876
169,1,24.68,M,M,1,0.3394650066618299,0.6605349933381701
170,1,16.95,B,B,1,0.7582120710867716,0.2417879289132284
171,9,12.39,B,B,1,0.8975096209949612,0.10249037900503873
172,4,19.63,M,B,0,0.628847858143107,0.371152141856893
173,3,11.89,M,B,0,0.9164661464916178,0.0835338535083822
174,8,14.71,B,B,1,0.8414249835281271,0.15857501647187286
175,9,15.15,B,B,1,0.8221721521192281,0.1778278478807719
176,3,14.45,B,B,1,0.8555013988362082,0.14449860116379176
177,7,18.06,B,B,1,0.703224765043498,0.2967752349565021
178,7,20.11,M,B,0,0.6005605947151561,0.3994394052848439
179,4,22.22,B,M,0,0.4890565177332754,0.5109434822667246
180,8,13.06,B,B,1,0.8866825759285741,0.11331742407142581
181,6,21.87,M,M,1,0.4950222539173422,0.5049777460826578
182,5,26.57,M,M,1,0.2570013447612701,0.7429986552387299
183,4,20.31,M,B,0,0.5932330591928006,0.40676694080719944
184,4,14.92,B,B,1,0.8271790902460556,0.17282090975394435
185,7,22.41,M,M,1,0.4743789161619263,0.5256210838380737
186,5,15.11,B,B,1,0.8217772809458236,0.17822271905417644
187,2,18.58,M,B,0,0.6899231525604166,0.31007684743958336
188,10,17.19,B,B,1,0.7472593267341621,0.25274067326583793
189,7,17.39,B,B,1,0.733289375589881,0.26671062441011895
190,8,15.9,B,B,1,0.8003897784393695,0.1996102215606305
191,6,23.12,M,M,1,0.4213463715414445,0.5786536284585555
192,9,21.41,B,B,1,0.5205984582257268,0.47940154177427324
193,4,18.22,B,B,1,0.6980780240932177,0.30192197590678227
194,3,26.86,M,M,1,0.22936781753927027,0.7706321824607297
195,2,23.21,M,M,1,0.4215476383086868,0.5784523616913132
196,9,16.33,B,B,1,0.7786915327659789,0.2213084672340211
197,7,22.29,M,M,1,0.48102264998239286,0.5189773500176071
198,6,21.84,M,M,1,0.4968061561083632,0.5031938438916368
199,2,22.49,M,M,1,0.4643484944091272,0.5356515055908728
200,1,20.22,M,B,0,0.5933479460708486,0.4066520539291513
201,1,19.56,B,B,1,0.6300060317612197,0.3699939682387803
202,10,19.32,M,B,0,0.6458987052728004,0.35410129472719964
203,8,26.67,M,M,1,0.241106303143372,0.758893696856628
204,1,23.75,M,M,1,0.3898154698152154,0.6101845301847846
205,5,18.6,B,B,1,0.6769233647399351,0.32307663526006486
206,2,16.68,M,B,0,0.7786480374185102,0.2213519625814898
207,9,17.27,B,B,1,0.7389507242593301,0.2610492757406699
208,10,20.26,M,B,0,0.5957794132722203,0.4042205867277798
209,8,22.54,B,M,0,0.4565140975875651,0.5434859024124349
210,3,12.91,B,B,1,0.8956215664174858,0.10437843358251424
211,10,22.14,M,M,1,0.4904036552282154,0.5095963447717846
212,8,18.94,B,B,1,0.6621943997981368,0.3378056002018633
213,7,18.47,M,B,0,0.6838931688550904,0.3161068311449096
214,1,25.56,M,M,1,0.2949272933333583,0.7050727066666417
215,2,23.81,M,M,1,0.38673220866388247,0.6132677913361175
216,6,16.93,M,B,0,0.7604530567429255,0.23954694325707443
217,3,18.35,B,B,1,0.6981866064008407,0.30181339359915926
218,6,17.48,B,B,1,0.735816457555521,0.26418354244447895
219,8,21.56,M,B,0,0.5140754638145079,0.48592453618549214
220,10,32.47,M,M,1,0.08465075260942978,0.9153492473905702
221,10,13.16,B,B,1,0.8805734630015088,0.11942653699849114
222,10,13.9,B,B,1,0.8617704293714021,0.1382295706285979
223,10,17.53,B,B,1,0.7324231382506922,0.26757686174930784
224,8,20.25,M,B,0,0.5901783369102316,0.4098216630897684
225,10,17.02,B,B,1,0.7544700629550202,0.2455299370449798
226,6,13.47,B,B,1,0.8784885476751505,0.12151145232484944
227,10,15.46,B,B,1,0.8140183483756729,0.18598165162432706
228,4,15.51,B,B,1,0.8077845894989641,0.19221541050103585
229,5,23.97,B,M,0,0.38367161948314044,0.6163283805168596
230,6,22.33,M,M,1,0.46771206021439826,0.5322879397856017
231,1,19.08,M,B,0,0.6557807881473593,0.3442192118526407
232,9,27.08,B,M,0,0.22623136575039726,0.7737686342496027
233,5,33.81,B,M,0,0.06309687051843549,0.9369031294815645
234,3,27.81,M,M,1,0.19142220411455013,0.8085777958854499
235,8,15.91,B,B,1,0.8000134088021416,0.19998659119785844
236,6,21.25,B,B,1,0.5318487233752892,0.4681512766247108
237,6,26.97,M,M,1,0.22564849996694158,0.7743515000330584
238,8,21.46,M,B,0,0.5199538082499652,0.4800461917500348
239,3,27.85,B,M,0,0.1899348160049542,0.8100651839950458
240,9,39.28,M,M,1,0.01707282816526101,0.982927171834739
241,1,15.6,B,B,1,0.8113430123221794,0.18865698767782052
242,9,15.04,B,B,1,0.8258635158960793,0.17413648410392069
243,10,18.19,B,B,1,0.7020947931935761,0.2979052068064238
244,5,23.77,B,M,0,0.3944149862520008,0.6055850137479992
245,1,23.5,M,M,1,0.40381463975856746,0.5961853602414325
246,8,19.86,B,B,1,0.6121864500840272,0.38781354991597283
247,9,17.43,B,B,1,0.7317451326298108,0.2682548673701892
248,7,14.11,B,B,1,0.8505874792609396,0.14941252073906042
249,3,25.22,B,M,0,0.3064621846327261,0.6935378153672739
250,10,14.93,B,B,1,0.8315307670299875,0.16846923297001248
251,10,23.56,M,M,1,0.4108669696449717,0.5891330303550283
252,4,18.45,B,B,1,0.6872836458848921,0.3127163541151079
253,8,19.82,M,B,0,0.6144196530137894,0.3855803469862106
254,4,17.08,M,B,0,0.7482905810910111,0.2517094189089889
255,8,19.33,M,B,0,0.6413616591758216,0.3586383408241784
256,3,17.05,M,B,0,0.7598622211730561,0.24013777882694393
257,3,28.77,M,M,1,0.15814224727175608,0.8418577527282439
258,7,17.27,M,B,0,0.738464776783057,0.26153522321694295
259,2,23.2,M,M,1,0.42213560237698944,0.5778643976230106
260,6,33.56,M,M,1,0.057291267179131355,0.9427087328208686
261,2,27.06,M,M,1,0.22364197880435,0.77635802119565
262,8,23.06,M,M,1,0.42634068881717213,0.5736593111828279
263,8,22.13,M,M,1,0.48054321636749364,0.5194567836325064
264,4,19.38,M,B,0,0.6416191676667089,0.35838083233329115
265,2,22.07,M,M,1,0.4896024055897976,0.5103975944102024
266,9,31.12,M,M,1,0.10296976345780373,0.8970302365421963
267,3,18.95,B,B,1,0.6668788235779995,0.33312117642200045
268,8,21.84,B,M,0,0.4976005649256342,0.5023994350743658
269,2,16.21,B,B,1,0.7975595906505881,0.20244040934941182
270,1,20.39,B,B,1,0.5837163577192179,0.4162836422807821
271,10,16.82,B,B,1,0.7627738640691846,0.23722613593081543
272,5,13.04,B,B,1,0.880405039199129,0.11959496080087093
273,3,20.99,M,B,0,0.5504639740087802,0.4495360259912197
274,3,15.67,B,B,1,0.8152434583335953,0.18475654166640468
275,5,24.48,M,M,1,0.3568053951103477,0.6431946048896523
276,2,17.36,B,B,1,0.749110367186641,0.250889632813359
277,4,14.16,B,B,1,0.8498384520506448,0.1501615479493552
278,8,19.98,M,B,0,0.6054588408821019,0.3945411591178981
279,4,17.84,B,B,1,0.7154386245568034,0.28456137544319654
280,3,15.18,B,B,1,0.8323699844768981,0.1676300155231018
281,2,26.6,M,M,1,0.24348404624100473,0.7565159537589953
282,1,14.02,B,B,1,0.8615747853561889,0.13842521464381108
283,7,18.18,M,B,0,0.6976375428490581,0.3023624571509419
284,1,18.77,M,B,0,0.6719633145371827,0.3280366854628173
285,1,15.7,B,B,1,0.8077356382971475,0.19226436170285258
286,4,18.4,B,B,1,0.6896481337019639,0.3103518662980361
287,9,20.76,B,B,1,0.5579543339222064,0.44204566607779366
288,10,13.12,B,B,1,0.881524033277987,0.118475966722013
289,9,19.96,B,B,1,0.6030046786674258,0.3969953213325742
290,7,18.89,B,B,1,0.6634088459104606,0.33659115408953943
291,7,19.73,B,B,1,0.6206067584962964,0.3793932415037035
292,1,19.1,B,B,1,0.6547237315329366,0.34527626846706333
293,2,16.02,B,B,1,0.8048544071018776,0.1951455928981224
294,4,17.46,B,B,1,0.7321839578157439,0.2678160421842562
295,3,13.78,B,B,1,0.8743368155528289,0.12566318444717106
296,6,13.27,B,B,1,0.8834761483602286,0.11652385163977139
297,10,12.35,B,B,1,0.8985798396741518,0.10142016032584822
298,5,18.14,M,B,0,0.6992296174928337,0.30077038250716626
299,1,18.17,B,B,1,0.7021296554693826,0.2978703445306175
300,6,23.09,B,M,0,0.4230872177905248,0.5769127822094752
301,3,18.9,M,B,0,0.6695498915140409,0.3304501084859591
302,9,19.89,B,B,1,0.6068761201740744,0.3931238798259256
303,7,23.86,M,M,1,0.39548043117559994,0.6045195688244
304,5,18.61,B,B,1,0.6764288926161779,0.32357110738382205
305,8,18.16,B,B,1,0.7019723369454851,0.2980276630545149
306,3,24.49,B,M,0,0.34506317419114096,0.654936825808859
307,10,15.82,B,B,1,0.8013419890265394,0.1986580109734606
308,7,14.4,B,B,1,0.8422233048613683,0.15777669513863163
309,6,12.71,B,B,1,0.8965045180847794,0.10349548191522062
310,6,13.84,B,B,1,0.8687763426387063,0.13122365736129368
311,2,19.11,B,B,1,0.6619485197156689,0.3380514802843311
312,2,15.69,B,B,1,0.8170475009423633,0.1829524990576367
313,7,13.37,B,B,1,0.8702785645444511,0.12972143545554893
314,2,10.72,B,B,1,0.9367084408882922,0.06329155911170775
315,3,18.6,B,B,1,0.6853433085245153,0.3146566914754847
316,10,16.85,B,B,1,0.7615407244176867,0.2384592755823133
317,4,14.08,B,B,1,0.8520755388378084,0.1479244611621916
318,10,18.87,M,B,0,0.6688746191177201,0.33112538088227994
319,8,18.9,B,B,1,0.6642975466822354,0.3357024533177646
320,3,17.0,B,B,1,0.7620537431914778,0.23794625680852227
321,1,16.18,B,B,1,0.7896900838224363,0.21030991617756367
322,8,19.66,M,B,0,0.6233035693725295,0.37669643062747055
323,4,13.32,B,B,1,0.8719758310247576,0.12802416897524238
324,10,21.51,M,B,0,0.5260927013778798,0.4739072986221203
325,6,15.21,B,B,1,0.8269696481678765,0.17303035183212345
326,2,17.3,B,B,1,0.7518190911501919,0.24818090884980812
327,10,12.88,B,B,1,0.8870908005999114,0.11290919940008862
328,3,17.93,B,B,1,0.7190754781221883,0.2809245218778117
329,3,20.71,M,B,0,0.567096355880106,0.432903644119894
330,4,21.88,M,B,0,0.5077954305028197,0.4922045694971803
331,2,15.51,M,B,0,0.8234450156136721,0.17655498438632788
332,10,19.35,B,B,1,0.6443413055879772,0.3556586944120228
333,1,19.86,B,B,1,0.6135008432484642,0.3864991567515358
334,2,14.78,B,B,1,0.8475935373099386,0.15240646269006144
335,7,19.02,B,B,1,0.6569372525839751,0.34306274741602494
336,1,21.0,M,B,0,0.5486771219375772,0.4513228780624227
337,6,14.23,B,B,1,0.8578337704440087,0.14216622955599134
338,6,21.43,M,B,0,0.5211750901490887,0.4788249098509113
339,10,17.53,B,B,1,0.7324231382506922,0.26757686174930784
340,5,24.27,M,M,1,0.3677700742474749,0.6322299257525251
341,6,16.54,B,B,1,0.7769420542279657,0.22305794577203428
342,6,16.84,B,B,1,0.7643311072423394,0.23566889275766054
343,7,14.96,B,B,1,0.8250002438467742,0.17499975615322585
344,4,21.68,M,B,0,0.5188114685587135,0.48118853144128654
345,5,15.45,B,B,1,0.8102434450685101,0.18975655493148993
346,4,14.71,B,B,1,0.8336982182074173,0.16630178179258265
347,2,18.9,B,B,1,0.673182735796216,0.326817264203784
348,6,14.74,B,B,1,0.8423873837975985,0.15761261620240155
349,7,16.03,B,B,1,0.7880420384387078,0.2119579615612922
350,8,14.96,B,B,1,0.8334137211361118,0.1665862788638882
351,7,17.07,B,B,1,0.7469450428085196,0.2530549571914804
352,10,19.22,M,B,0,0.6510675833560293,0.3489324166439706
353,10,17.46,M,B,0,0.7355223955404928,0.2644776044595072
354,5,25.74,M,M,1,0.294417158211585,0.705582841788415
355,8,14.07,B,B,1,0.860509831422859,0.13949016857714097
356,10,19.07,B,B,1,0.6587544349717191,0.3412455650282809
357,2,18.59,B,B,1,0.6894071838901821,0.310592816109818
358,10,16.21,B,B,1,0.7868880639365224,0.21311193606347753
359,3,15.49,B,B,1,0.8216871973149076,0.17831280268509248
360,5,18.32,B,B,1,0.6906053040644171,0.30939469593558283
361,4,18.07,B,B,1,0.7050026361500723,0.29499736384992775
362,4,21.57,B,B,1,0.5248631875813354,0.4751368124186646
363,9,18.84,B,B,1,0.6631116052674261,0.3368883947325739
364,1,18.29,B,B,1,0.6962245541147063,0.30377544588529376
365,2,16.95,B,B,1,0.7672261975327519,0.23277380246724808
366,1,21.78,M,B,0,0.5032077636857313,0.4967922363142687
367,1,26.83,M,M,1,0.23708772064635564,0.7629122793536444
368,1,18.02,B,B,1,0.7094171829922861,0.29058281700771393
369,3,17.25,M,B,0,0.7509588056621564,0.24904119433784352
370,9,21.9,M,M,1,0.49226170946330305,0.507738290536697
371,7,23.29,M,M,1,0.4260835594707769,0.5739164405292231
372,5,13.21,B,B,1,0.8763000907925839,0.12369990920741611
373,1,15.1,M,B,0,0.8286010605916334,0.1713989394083666
374,8,17.35,M,B,0,0.7402732118553456,0.25972678814465444
375,2,16.07,B,B,1,0.8029542294061107,0.19704577059388925
376,2,16.07,B,B,1,0.8029542294061107,0.19704577059388925
377,8,20.22,B,B,1,0.5918853795952285,0.40811462040477153
378,9,28.21,B,M,0,0.18373867631894425,0.8162613236810558
379,1,15.15,B,B,1,0.826933237819552,0.17306676218044809
380,4,18.83,M,B,0,0.6690000518329271,0.3309999481670729
381,9,12.96,B,B,1,0.8847238623254158,0.11527613767458426
382,10,14.93,B,B,1,0.8315307670299875,0.16846923297001248
383,2,22.72,B,M,0,0.4505878076079334,0.5494121923920666
384,10,17.48,B,B,1,0.7346392434431952,0.26536075655680486
385,1,13.72,B,B,1,0.8697355273393647,0.13026447266063537
386,9,23.29,M,M,1,0.4127447110596483,0.5872552889403517
387,5,14.09,B,B,1,0.85307976998268,0.14692023001732
388,10,16.16,B,B,1,0.7887831681647891,0.21121683183521092
389,8,15.5,B,B,1,0.8150095909683788,0.1849904090316212
390,7,23.21,M,M,1,0.43043020635627927,0.5695697936437207
391,2,12.22,B,B,1,0.9115739077142073,0.08842609228579262
392,4,16.84,B,B,1,0.758125996040542,0.24187400395945796
393,9,19.97,M,B,0,0.6024505488060876,0.39754945119391233
394,10,22.28,M,M,1,0.48247322737365816,0.5175267726263418
395,10,17.72,B,B,1,0.72389558461792,0.2761044153820799
396,7,17.18,B,B,1,0.7423035002806475,0.25769649971935255
397,8,18.89,B,B,1,0.664822320641367,0.3351776793586329
398,7,17.46,B,B,1,0.7302404718666902,0.26975952813330983
399,4,14.83,B,B,1,0.8299974360260031,0.17000256397399693
400,5,17.26,B,B,1,0.7393357255676051,0.2606642744323949
401,3,21.02,M,B,0,0.5486745448093071,0.45132545519069295
402,4,10.91,B,B,1,0.9205551178959485,0.07944488210405155
403,9,18.29,B,B,1,0.6909304796841147,0.30906952031588525
404,10,16.17,B,B,1,0.7884051368473298,0.21159486315267018
405,3,14.95,B,B,1,0.8399610584076825,0.16003894159231744
406,5,18.59,B,B,1,0.6774174415822354,0.3225825584177646
407,1,14.86,B,B,1,0.8364294226193418,0.16357057738065817
408,4,21.37,B,B,1,0.5358463956762858,0.4641536043237142
409,3,20.66,M,B,0,0.5700516806959381,0.4299483193040619
410,1,17.92,B,B,1,0.7142165918401793,0.2857834081598208
411,5,17.57,B,B,1,0.7256088497397093,0.27439115026029065
412,9,16.83,B,B,1,0.7581103174899768,0.2418896825100232
413,7,21.68,B,B,1,0.5148492855535804,0.48515071444641955
414,2,22.11,B,M,0,0.48719294494228305,0.512807055057717
415,6,29.81,M,M,1,0.12913849219197215,0.8708615078080278
416,9,21.17,B,B,1,0.5344407378350071,0.46555926216499294
417,7,21.7,B,B,1,0.5137406806424134,0.48625931935758665
418,3,21.08,M,B,0,0.545091952859921,0.454908047140079
419,7,12.17,B,B,1,0.8974960096736652,0.10250399032633487
420,1,21.41,B,B,1,0.5248295115705819,0.47517048842941806
421,1,19.04,B,B,1,0.6578902732857909,0.34210972671420914
422,8,13.98,B,B,1,0.8630335708609883,0.1369664291390117
423,2,16.02,B,B,1,0.8048544071018776,0.1951455928981224
424,9,19.13,B,B,1,0.6479589628338223,0.3520410371661778
425,7,19.12,B,B,1,0.6519189512898361,0.3480810487101639
426,9,21.28,B,B,1,0.5281016494501334,0.4718983505498667
427,6,14.98,B,B,1,0.8346586915492834,0.1653413084507166
428,6,21.98,B,M,0,0.4884827086556929,0.5115172913443071
429,9,16.62,B,B,1,0.7669101213353543,0.23308987866464573
430,7,17.67,B,B,1,0.7209630047783885,0.2790369952216115
431,9,22.53,M,M,1,0.455927016370252,0.544072983629748
432,6,17.68,B,B,1,0.7264653850348757,0.2735346149651243
433,10,19.54,M,B,0,0.6344078139750142,0.3655921860249857
434,8,21.97,M,M,1,0.4899511039666141,0.5100488960333859
435,8,16.94,B,B,1,0.7583962084170897,0.24160379158291032
436,3,19.62,M,B,0,0.6301031736563163,0.36989682634368365
437,3,19.54,B,B,1,0.6345846830507782,0.36541531694922186
438,6,15.98,B,B,1,0.7991742280326561,0.20082577196734383
439,9,19.6,B,B,1,0.6227675830615869,0.3772324169384132
440,9,15.66,B,B,1,0.8042559031498987,0.19574409685010127
441,9,17.2,B,B,1,0.7420635215525464,0.2579364784474536
442,3,25.42,M,M,1,0.29631594294190255,0.7036840570580974
443,1,15.79,B,B,1,0.8044442709475519,0.1955557290524481
444,2,18.32,B,B,1,0.7031701682901924,0.2968298317098076
445,5,16.85,M,B,0,0.7567939506372192,0.24320604936278079
446,8,24.89,B,M,0,0.32572258269322396,0.674277417306776
447,1,28.03,M,M,1,0.19008225314921656,0.8099177468507834
448,7,17.66,B,B,1,0.7214091988548842,0.2785908011451158
449,5,19.34,B,B,1,0.6393220374307709,0.3606779625692291
450,3,20.52,M,B,0,0.5782994336582405,0.4217005663417594
451,1,21.54,B,B,1,0.5172391193743935,0.48276088062560646
452,8,25.0,M,M,1,0.32006119703999414,0.6799388029600059
453,2,28.23,B,M,0,0.17848778540352872,0.8215122145964713
454,6,13.98,B,B,1,0.8649329627431996,0.1350670372568003
455,1,17.15,B,B,1,0.7495302051567637,0.2504697948432363
456,1,30.72,B,M,0,0.11116927628862627,0.8888307237113737
457,9,29.29,B,M,0,0.14916636833624342,0.8508336316637566
458,10,25.25,B,M,0,0.32221767001055246,0.6777823299894475
459,7,25.13,B,M,0,0.33045036130665983,0.6695496386933402
460,1,28.2,B,M,0,0.184034241356956,0.815965758643044
461,10,27.15,M,M,1,0.2360544844604947,0.7639455155395053
462,9,26.27,M,M,1,0.26071339977527064,0.7392866002247294
463,8,26.99,B,M,0,0.22759264339168928,0.7724073566083107
464,2,18.36,B,B,1,0.7011535166192296,0.29884648338077036
465,7,18.22,B,B,1,0.6957619460669227,0.3042380539330773
466,2,20.13,B,B,1,0.604940023948094,0.39505997605190596
467,5,20.74,B,B,1,0.5636557060203282,0.4363442939796717
468,7,18.1,B,B,1,0.7013689907290787,0.29863100927092134
469,7,23.33,M,M,1,0.42391446810211053,0.5760855318978895
470,1,18.18,B,B,1,0.7016400927100009,0.29835990728999906
471,5,18.49,B,B,1,0.6823362981100551,0.31766370188994486
472,1,28.14,B,M,0,0.1861516458907082,0.8138483541092918
473,10,14.93,B,B,1,0.8315307670299875,0.16846923297001248
474,6,29.97,B,M,0,0.12491836764143249,0.8750816323585675
475,4,15.62,B,B,1,0.8039906560096204,0.19600934399037964
476,8,15.73,B,B,1,0.8067067583085739,0.1932932416914262
477,2,20.53,B,B,1,0.5816769371529802,0.41832306284701987
478,9,16.62,B,B,1,0.7669101213353543,0.23308987866464573
479,5,14.59,B,B,1,0.8383442064041464,0.16165579359585364
480,2,19.51,M,B,0,0.6400449070340312,0.35995509296596884
481,10,18.03,B,B,1,0.709627154823329,0.2903728451766709
482,5,19.24,B,B,1,0.644516956108941,0.355483043891059
483,6,14.06,B,B,1,0.8626943738871764,0.13730562611282354
484,5,17.64,B,B,1,0.7224477532609401,0.2775522467390598
485,9,11.28,B,B,1,0.9188431588344941,0.08115684116550596
486,9,16.41,B,B,1,0.7754846009400027,0.2245153990599973
487,7,16.85,B,B,1,0.7560609258005064,0.2439390741994935
488,8,18.82,M,B,0,0.668484285805059,0.33151571419494097
489,9,16.17,B,B,1,0.7850065987546573,0.2149934012453427
490,10,20.2,M,B,0,0.5990516162881778,0.4009483837118221
491,3,22.44,B,M,0,0.46335453853534647,0.5366454614646535
492,4,13.23,B,B,1,0.8741747613391554,0.1258252386608446
493,1,20.56,M,B,0,0.5740204211100433,0.42597957888995674
494,3,12.83,B,B,1,0.8974099297896034,0.10259007021039661
495,4,20.54,B,B,1,0.5809404475884914,0.41905955241150855
496,5,20.21,B,B,1,0.5928587752998111,0.4071412247001888
497,4,18.17,B,B,1,0.7003964733602104,0.2996035266397896
498,2,17.31,B,B,1,0.7513690006657716,0.2486309993342284
499,3,17.52,M,B,0,0.7385939805580308,0.2614060194419691
500,8,21.24,M,B,0,0.5328644609167043,0.46713553908329575
501,5,16.74,B,B,1,0.7613405005317537,0.2386594994682463
502,7,24.49,M,M,1,0.3625921012001484,0.6374078987998516
503,4,16.32,B,B,1,0.7785239435268508,0.22147605647314916
504,8,19.83,M,B,0,0.61386179967628,0.38613820032372004
505,6,12.87,B,B,1,0.8929195639585474,0.10708043604145254
506,9,13.14,B,B,1,0.8804069389153287,0.11959306108467123
507,10,20.04,B,B,1,0.6077337133877627,0.39226628661223734
508,10,17.12,B,B,1,0.7502453392163521,0.24975466078364797
509,7,15.7,B,B,1,0.8000155075064467,0.19998449249355335
510,5,23.95,M,M,1,0.3847410504845028,0.6152589495154972
511,1,14.69,B,B,1,0.8417986591959558,0.15820134080404422
512,5,14.7,B,B,1,0.8349465805833336,0.16505341941666643
513,5,20.52,M,B,0,0.5758435689140073,0.4241564310859927
514,2,13.66,B,B,1,0.8793039954870754,0.12069600451292456
515,6,19.07,M,B,0,0.6561364142648316,0.3438635857351684
516,4,18.61,B,B,1,0.6796519555413516,0.32034804445864845
517,5,20.58,M,B,0,0.5725280973583966,0.4274719026416034
518,4,20.26,M,B,0,0.5958905456839694,0.40410945431603057
519,8,18.22,B,B,1,0.6990089760228255,0.30099102397717453
520,9,16.7,B,B,1,0.763584299922597,0.23641570007740295
521,1,13.9,B,B,1,0.864889400828088,0.13511059917191207
522,6,21.6,M,B,0,0.5110764858859902,0.48892351411400975
523,2,19.83,B,B,1,0.6220866911068419,0.37791330889315805
524,4,18.68,B,B,1,0.6762823076872507,0.3237176923127493
525,10,15.68,B,B,1,0.8063473841101458,0.19365261588985413
526,10,13.1,B,B,1,0.881996858032945,0.11800314196705496
527,8,18.75,B,B,1,0.6721259736280829,0.32787402637191704
528,3,12.27,B,B,1,0.9091837262701754,0.09081627372982463
529,9,13.17,B,B,1,0.8796740138344067,0.1203259861655933
530,5,13.44,B,B,1,0.8705542590348432,0.12944574096515687
531,8,17.56,B,B,1,0.7306559528019775,0.2693440471980225
532,4,20.02,B,B,1,0.6085658507621187,0.39143414923788133
533,2,16.33,B,B,1,0.792848512682575,0.20715148731742508
534,10,20.67,M,B,0,0.5732051197293297,0.42679488027067025
535,4,17.62,B,B,1,0.7252099263394693,0.27479007366053065
536,1,20.86,M,B,0,0.556774792643802,0.44322520735619797
537,9,22.55,M,M,1,0.4547791395966597,0.5452208604033403
538,9,24.44,B,M,0,0.3500625833707447,0.6499374166292553
539,6,25.49,B,M,0,0.2929705601017648,0.7070294398982352
540,10,25.44,B,M,0,0.312881471779606,0.687118528220394
541,5,14.44,B,B,1,0.8428860681815341,0.15711393181846586
542,8,24.99,B,M,0,0.32057371596504813,0.6794262840349519
543,5,25.42,B,M,0,0.3096611233272818,0.6903388766727182
544,8,28.06,B,M,0,0.1863592850138005,0.8136407149861995
545,10,20.7,B,B,1,0.5715400880783774,0.4284599119216225
546,6,23.23,B,M,0,0.41498028900750505,0.585019710992495
547,4,16.35,B,B,1,0.7773813286294164,0.2226186713705836
548,6,16.58,B,B,1,0.7752887675451078,0.2247112324548922
549,3,19.34,B,B,1,0.6456855894279768,0.3543144105720232
550,5,24.21,B,M,0,0.37092870385459675,0.6290712961454032
551,7,21.48,B,B,1,0.5259255048929159,0.4740744951070841
552,10,22.44,B,M,0,0.47342091213294113,0.5265790878670589
553,3,29.43,B,M,0,0.13810143644084516,0.8618985635591548
554,10,21.94,B,B,1,0.5017402314542911,0.4982597685457088
555,8,28.92,B,M,0,0.15758679306049872,0.8424132069395013
556,9,27.61,B,M,0,0.20548356079951846,0.7945164392004815
557,8,19.59,B,B,1,0.6271647584389386,0.3728352415610614
558,4,27.88,B,M,0,0.21556004779879456,0.7844399522012054
559,6,22.68,B,M,0,0.4470527160164808,0.5529472839835192
560,6,23.93,B,M,0,0.3752114940079342,0.6247885059920658
561,10,27.15,B,M,0,0.2360544844604947,0.7639455155395053
562,7,29.37,B,M,0,0.1615127548658133,0.8384872451341867
563,4,30.62,M,M,1,0.13057757858996888,0.8694224214100311
564,5,25.09,M,M,1,0.32582670976679795,0.674173290233202
565,1,22.39,M,M,1,0.4675730937900553,0.5324269062099447
566,5,28.25,M,M,1,0.19134320915499303,0.808656790845007
567,9,28.08,M,M,1,0.18829373690987272,0.8117062630901273
568,5,29.33,M,M,1,0.15638250965179012,0.8436174903482099
569,6,24.54,B,M,0,0.3418583063790478,0.6581416936209522
