timestamp,tenperatura,bibrazioa
2026-10-01 08:00:00,40.88,2.091
2026-10-01 08:01:00,41.4,2.105
2026-10-01 08:02:00,40.98,2.2
2026-10-01 08:03:00,41.23,2.225
2026-10-01 08:04:00,41.28,2.172
2026-10-01 08:05:00,41.7,2.177
2026-10-01 08:06:00,41.56,2.217
2026-10-01 08:07:00,42.03,2.194
2026-10-01 08:08:00,41.56,2.295
2026-10-01 08:09:00,41.74,2.259
2026-10-01 08:10:00,41.92,2.286
2026-10-01 08:11:00,41.7,2.235
2026-10-01 08:12:00,41.75,2.165
2026-10-01 08:13:00,41.92,2.149
2026-10-01 08:14:00,,2.085
2026-10-01 08:15:00,41.94,2.023
2026-10-01 08:16:00,42.16,2.089
2026-10-01 08:17:00,41.88,2.108
2026-10-01 08:18:00,42.16,1.999
2026-10-01 08:19:00,41.81,1.977
2026-10-01 08:20:00,42.08,1.988
2026-10-01 08:21:00,41.83,2.006
2026-10-01 08:22:00,41.85,2.134
2026-10-01 08:23:00,41.54,2.169
2026-10-01 08:24:00,41.48,2.15
2026-10-01 08:25:00,41.87,2.223
2026-10-01 08:26:00,41.65,2.269
2026-10-01 08:27:00,41.54,2.32
2026-10-01 08:28:00,41.42,2.335
2026-10-01 08:29:00,41.56,2.287
2026-10-01 08:30:00,41.8,2.361
2026-10-01 08:31:00,41.63,2.321
2026-10-01 08:32:00,41.45,2.42
2026-10-01 08:33:00,41.55,2.36
2026-10-01 08:34:00,41.61,2.335
2026-10-01 08:35:00,41.94,2.284
2026-10-01 08:36:00,42.07,2.355
2026-10-01 08:37:00,41.96,2.243
2026-10-01 08:38:00,41.75,2.212
2026-10-01 08:39:00,42.13,2.15
2026-10-01 08:40:00,41.98,2.182
2026-10-01 08:41:00,42.28,2.129
2026-10-01 08:42:00,42.36,2.104
2026-10-01 08:43:00,42.85,2.105
2026-10-01 08:44:00,42.94,2.215
2026-10-01 08:45:00,42.74,2.142
2026-10-01 08:46:00,43.19,2.143
2026-10-01 08:47:00,43.16,2.227
2026-10-01 08:48:00,43.36,2.172
2026-10-01 08:49:00,43.04,2.302
2026-10-01 08:50:00,43.47,2.311
2026-10-01 08:51:00,43.32,2.3
2026-10-01 08:52:00,43.58,2.299
2026-10-01 08:53:00,43.41,2.414
2026-10-01 08:54:00,43.4,2.36
2026-10-01 08:55:00,43.61,2.371
2026-10-01 08:56:00,43.92,2.501
2026-10-01 08:57:00,43.76,2.467
2026-10-01 08:58:00,43.95,2.482
2026-10-01 08:59:00,43.56,2.438
2026-10-01 09:00:00,43.51,2.378
2026-10-01 09:01:00,43.65,2.377
2026-10-01 09:02:00,43.94,2.409
2026-10-01 09:03:00,43.87,2.343
2026-10-01 09:04:00,43.74,2.314
2026-10-01 09:05:00,,2.323
2026-10-01 09:06:00,43.56,2.296
2026-10-01 09:07:00,43.59,2.271
2026-10-01 09:08:00,43.68,2.285
2026-10-01 09:09:00,43.47,2.223
2026-10-01 09:10:00,43.21,2.283
2026-10-01 09:11:00,43.12,2.283
2026-10-01 09:12:00,43.53,2.358
2026-10-01 09:13:00,43.57,2.271
2026-10-01 09:14:00,43.21,2.324
2026-10-01 09:15:00,43.55,2.329
2026-10-01 09:16:00,43.21,2.484
2026-10-01 09:17:00,43.56,2.426
2026-10-01 09:18:00,43.45,2.549
2026-10-01 09:19:00,43.75,2.472
2026-10-01 09:20:00,43.5,2.531
2026-10-01 09:21:00,43.48,2.54
2026-10-01 09:22:00,43.56,2.541
2026-10-01 09:23:00,43.56,2.541
2026-10-01 09:24:00,43.87,2.572
2026-10-01 09:25:00,43.98,2.583
2026-10-01 09:26:00,44.23,2.446
2026-10-01 09:27:00,44.09,2.466
2026-10-01 09:28:00,44.43,2.465
2026-10-01 09:29:00,44.48,2.39
2026-10-01 09:30:00,44.7,2.416
2026-10-01 09:31:00,44.83,2.349
2026-10-01 09:32:00,44.93,2.376
2026-10-01 09:33:00,44.85,2.333
2026-10-01 09:34:00,44.88,2.335
2026-10-01 09:35:00,45.03,2.288
2026-10-01 09:36:00,45.42,2.325
2026-10-01 09:37:00,45.08,2.36
2026-10-01 09:38:00,45.35,2.447
2026-10-01 09:39:00,45.38,2.404
2026-10-01 09:40:00,45.52,2.469
2026-10-01 09:41:00,45.08,2.573
2026-10-01 09:42:00,45.2,2.501
2026-10-01 09:43:00,45.43,2.619
2026-10-01 09:44:00,45.13,2.551
2026-10-01 09:45:00,45.42,2.621
2026-10-01 09:46:00,45.31,2.591
2026-10-01 09:47:00,45.0,2.703
2026-10-01 09:48:00,45.05,2.622
2026-10-01 09:49:00,45.48,2.583
2026-10-01 09:50:00,45.24,2.569
2026-10-01 09:51:00,45.39,2.666
2026-10-01 09:52:00,44.91,2.623
2026-10-01 09:53:00,84.8,2.493
2026-10-01 09:54:00,45.04,2.565
2026-10-01 09:55:00,45.01,2.512
2026-10-01 09:56:00,45.26,2.484
2026-10-01 09:57:00,45.19,2.397
2026-10-01 09:58:00,45.18,2.464
2026-10-01 09:59:00,45.04,2.413
2026-10-01 10:00:00,44.85,2.436
2026-10-01 10:01:00,45.04,2.403
2026-10-01 10:02:00,45.29,2.451
2026-10-01 10:03:00,44.98,2.472
2026-10-01 10:04:00,45.44,2.608
2026-10-01 10:05:00,45.44,2.635
2026-10-01 10:06:00,45.53,2.65
2026-10-01 10:07:00,45.45,2.666
2026-10-01 10:08:00,45.37,2.663
2026-10-01 10:09:00,45.59,2.759
2026-10-01 10:10:00,45.77,2.697
2026-10-01 10:11:00,45.98,2.696
2026-10-01 10:12:00,46.03,2.788
2026-10-01 10:13:00,46.18,2.78
2026-10-01 10:14:00,46.04,2.797
2026-10-01 10:15:00,46.18,2.678
2026-10-01 10:16:00,46.71,2.681
2026-10-01 10:17:00,46.33,2.75
2026-10-01 10:18:00,46.68,2.591
2026-10-01 10:19:00,46.67,2.619
2026-10-01 10:20:00,46.79,2.552
2026-10-01 10:21:00,46.7,2.577
2026-10-01 10:22:00,,2.505
2026-10-01 10:23:00,46.88,2.511
2026-10-01 10:24:00,47.1,2.535
2026-10-01 10:25:00,47.28,2.559
2026-10-01 10:26:00,46.81,2.526
2026-10-01 10:27:00,47.26,2.543
2026-10-01 10:28:00,46.8,2.645
2026-10-01 10:29:00,47.06,2.622
2026-10-01 10:30:00,47.1,2.738
2026-10-01 10:31:00,46.89,2.741
2026-10-01 10:32:00,47.13,2.677
2026-10-01 10:33:00,46.71,2.836
2026-10-01 10:34:00,46.92,2.804
2026-10-01 10:35:00,46.99,2.845
2026-10-01 10:36:00,46.52,2.84
2026-10-01 10:37:00,46.63,2.889
2026-10-01 10:38:00,46.46,2.917
2026-10-01 10:39:00,46.78,2.905
2026-10-01 10:40:00,46.82,2.834
2026-10-01 10:41:00,46.69,2.853
2026-10-01 10:42:00,46.78,2.807
2026-10-01 10:43:00,46.74,2.73
2026-10-01 10:44:00,46.43,2.686
2026-10-01 10:45:00,47.0,2.669
2026-10-01 10:46:00,46.54,2.726
2026-10-01 10:47:00,46.61,2.667
2026-10-01 10:48:00,46.88,2.604
2026-10-01 10:49:00,46.78,2.684
2026-10-01 10:50:00,47.01,2.684
2026-10-01 10:51:00,46.89,2.71
2026-10-01 10:52:00,47.02,2.716
2026-10-01 10:53:00,47.51,2.701
2026-10-01 10:54:00,47.61,2.7
2026-10-01 10:55:00,47.42,2.765
2026-10-01 10:56:00,47.67,2.757
2026-10-01 10:57:00,47.74,2.855
2026-10-01 10:58:00,47.91,2.816
2026-10-01 10:59:00,48.07,2.921
