row_id,fold,sepal_length,sepal_width,petal_length,petal_width,real,predicha,acierto,p_setosa,p_versicolor,p_virginica
1,3,5.1,3.5,1.4,0.2,setosa,setosa,1,0.9784666449030875,0.011645062168024826,0.009888292928887845
2,8,4.9,3.0,1.4,0.2,setosa,setosa,1,0.9715070897880886,0.018406128512713046,0.01008678169919825
3,7,4.7,3.2,1.3,0.2,setosa,setosa,1,0.9756341105754254,0.013687303784499024,0.010678585640075695
4,10,4.6,3.1,1.5,0.2,setosa,setosa,1,0.9730911779166949,0.016042288779359506,0.010866533303945637
5,4,5.0,3.6,1.4,0.2,setosa,setosa,1,0.9762567087825924,0.013497723191646199,0.010245568025761318
6,10,5.4,3.9,1.7,0.4,setosa,setosa,1,0.9692282123400683,0.019894004654139652,0.010877783005792188
7,6,4.6,3.4,1.4,0.3,setosa,setosa,1,0.9714245282027446,0.01575699074984019,0.012818481047415096
8,6,5.0,3.4,1.5,0.2,setosa,setosa,1,0.9764887278767734,0.013566347905067298,0.009944924218159268
9,7,4.4,2.9,1.4,0.2,setosa,setosa,1,0.9635625472388977,0.02331988862219496,0.013117564138907403
10,4,4.9,3.1,1.5,0.1,setosa,setosa,1,0.9735253868716892,0.015848335194921855,0.010626277933388988
11,3,5.4,3.7,1.5,0.2,setosa,setosa,1,0.9745458679166119,0.014628451359763851,0.010825680723624291
12,1,4.8,3.4,1.6,0.2,setosa,setosa,1,0.9755352665243818,0.013616364075530563,0.01084836940008761
13,8,4.8,3.0,1.4,0.1,setosa,setosa,1,0.973785695877953,0.015887939505299747,0.010326364616747326
14,2,4.3,3.0,1.1,0.1,setosa,setosa,1,0.9655538496982122,0.018591139033468568,0.01585501126831938
15,1,5.8,4.0,1.2,0.2,setosa,setosa,1,0.9614379536620302,0.022313640227733935,0.01624840611023589
16,2,5.7,4.4,1.5,0.4,setosa,setosa,1,0.9180267230582976,0.04541669195186987,0.0365565849898324
17,9,5.4,3.9,1.3,0.4,setosa,setosa,1,0.9738256683162926,0.01574888840865549,0.010425443275052076
18,10,5.1,3.5,1.4,0.3,setosa,setosa,1,0.9770966280363885,0.013610204757036481,0.009293167206574976
19,10,5.7,3.8,1.7,0.3,setosa,setosa,1,0.9613805580796353,0.025541863524596448,0.013077578395768303
20,4,5.1,3.8,1.5,0.3,setosa,setosa,1,0.9732315212381113,0.016212403903274178,0.010556074858614543
21,2,5.4,3.4,1.7,0.2,setosa,setosa,1,0.9703168968948824,0.018092360281619674,0.01159074282349785
22,4,5.1,3.7,1.5,0.4,setosa,setosa,1,0.9738170921946978,0.016237454959083023,0.009945452846219099
23,5,4.6,3.6,1.0,0.2,setosa,setosa,1,0.9563759931940663,0.02130723034686026,0.022316776459073356
24,7,5.1,3.3,1.7,0.5,setosa,setosa,1,0.9587731097657127,0.028522597350962336,0.01270429288332491
25,7,4.8,3.4,1.9,0.2,setosa,setosa,1,0.9705190949240085,0.017397633744659545,0.01208327133133185
26,1,5.0,3.0,1.6,0.2,setosa,setosa,1,0.9595869395139889,0.02882132440949006,0.011591736076521215
27,9,5.0,3.4,1.6,0.4,setosa,setosa,1,0.975093348964431,0.015597964646758236,0.009308686388811022
28,6,5.2,3.5,1.5,0.2,setosa,setosa,1,0.9754468734273903,0.014451601378040432,0.010101525194569437
29,7,5.2,3.4,1.4,0.2,setosa,setosa,1,0.9758358058655802,0.014236662363760234,0.009927531770659715
30,2,4.7,3.2,1.6,0.2,setosa,setosa,1,0.9740136590913251,0.015269098642151733,0.01071724226652316
31,6,4.8,3.1,1.6,0.2,setosa,setosa,1,0.9711468065152111,0.018208126784639216,0.010645066700149452
32,3,5.4,3.4,1.5,0.4,setosa,setosa,1,0.9679207381558619,0.020261305571395383,0.011817956272742586
33,8,5.2,4.1,1.5,0.1,setosa,setosa,1,0.9646402078341385,0.019836828490540186,0.015522963675321468
34,1,5.5,4.2,1.4,0.2,setosa,setosa,1,0.965403514144958,0.019212649870586348,0.01538383598445561
35,5,4.9,3.1,1.5,0.2,setosa,setosa,1,0.9698160857934837,0.01922429779001582,0.01095961641650053
36,1,5.0,3.2,1.2,0.2,setosa,setosa,1,0.9751232838866192,0.014629338311234797,0.010247377802146187
37,9,5.5,3.5,1.3,0.2,setosa,setosa,1,0.9706377426923659,0.0176501682508793,0.011712089056754622
38,8,4.9,3.6,1.4,0.1,setosa,setosa,1,0.9759864461312613,0.012398939409539168,0.011614614459199564
39,5,4.4,3.0,1.3,0.2,setosa,setosa,1,0.9640202829848301,0.021234577370320203,0.014745139644849723
40,9,5.1,3.4,1.5,0.2,setosa,setosa,1,0.9776550637022533,0.013163461980809648,0.009181474316937386
41,3,5.0,3.5,1.3,0.3,setosa,setosa,1,0.978597212552424,0.011635949854642285,0.00976683759293382
42,5,4.5,2.3,1.3,0.3,setosa,setosa,1,0.5193507847885611,0.39025154238467974,0.09039767282675887
43,4,4.4,3.2,1.3,0.2,setosa,setosa,1,0.9688206879522939,0.016759809443376544,0.01441950260432934
44,10,5.0,3.5,1.6,0.6,setosa,setosa,1,0.9674288581681617,0.021274224049568587,0.011296917782269746
45,5,5.1,3.8,1.9,0.4,setosa,setosa,1,0.9593669941422807,0.024783237370400352,0.015849768487319095
46,2,4.8,3.0,1.4,0.3,setosa,setosa,1,0.967143526141225,0.022267533722691118,0.010588940136083868
47,9,5.1,3.8,1.6,0.2,setosa,setosa,1,0.9740687917538577,0.015114904955569835,0.010816303290572359
48,3,4.6,3.2,1.4,0.2,setosa,setosa,1,0.9751349747541505,0.013354124016994002,0.011510901228855652
49,6,5.3,3.7,1.5,0.2,setosa,setosa,1,0.9743411874448342,0.015214023587713649,0.010444788967452245
50,8,5.0,3.3,1.4,0.2,setosa,setosa,1,0.9786620562874917,0.011881697557603156,0.009456246154905224
51,6,7.0,3.2,4.7,1.4,versicolor,versicolor,1,0.021769800585598194,0.9154695289723892,0.06276067044201249
52,8,6.4,3.2,4.5,1.5,versicolor,versicolor,1,0.011789208938982101,0.9652873435658893,0.022923447495128497
53,1,6.9,3.1,4.9,1.5,versicolor,versicolor,1,0.016635241555054938,0.7879277351338464,0.19543702331109872
54,10,5.5,2.3,4.0,1.3,versicolor,versicolor,1,0.007083188287676738,0.9677759648340456,0.025140846878277355
55,10,6.5,2.8,4.6,1.5,versicolor,versicolor,1,0.011696184911262857,0.8619981773972282,0.1263056376915088
56,8,5.7,2.8,4.5,1.3,versicolor,versicolor,1,0.007946305453833276,0.9674811294709914,0.024572565075175246
57,5,6.3,3.3,4.7,1.6,versicolor,versicolor,1,0.011122611686813303,0.8884818880304377,0.1003955002827492
58,9,4.9,2.4,3.3,1.0,versicolor,versicolor,1,0.03965030258671342,0.9358923750452405,0.024457322368046132
59,3,6.6,2.9,4.6,1.3,versicolor,versicolor,1,0.013625928748621615,0.9717103258159915,0.014663745435386635
60,1,5.2,2.7,3.9,1.4,versicolor,versicolor,1,0.010349664045915771,0.9482752176106781,0.04137511834340608
61,4,5.0,2.0,3.5,1.0,versicolor,versicolor,1,0.04930217219082453,0.9125187784515822,0.03817904935759332
62,7,5.9,3.0,4.2,1.5,versicolor,versicolor,1,0.009409331303647767,0.9653486472988941,0.02524202139745803
63,10,6.0,2.2,4.0,1.0,versicolor,versicolor,1,0.017540185668362178,0.9739563583086648,0.008503456022972969
64,7,6.1,2.9,4.7,1.4,versicolor,versicolor,1,0.008138845587955796,0.9344238596245664,0.057437294787477625
65,5,5.6,2.9,3.6,1.3,versicolor,versicolor,1,0.015296453373350855,0.979896418451849,0.004807128174800284
66,1,6.7,3.1,4.4,1.4,versicolor,versicolor,1,0.013945603594428944,0.9653460469713964,0.02070834943417473
67,5,5.6,3.0,4.5,1.5,versicolor,versicolor,1,0.01025256094958051,0.9137073319439476,0.07604010710647183
68,7,5.8,2.7,4.1,1.0,versicolor,versicolor,1,0.011785200476754265,0.9846018941058438,0.003612905417401991
69,3,6.2,2.2,4.5,1.5,versicolor,versicolor,1,0.021392891520649798,0.6596295920869,0.31897751639245026
70,7,5.6,2.5,3.9,1.1,versicolor,versicolor,1,0.00783611904940123,0.9852209726117088,0.006942908338889954
71,5,5.9,3.2,4.8,1.8,versicolor,virginica,0,0.014259564157960975,0.43139122110663974,0.5543492147353996
72,5,6.1,2.8,4.0,1.3,versicolor,versicolor,1,0.007839181121422482,0.9890661784719127,0.0030946404066647523
73,6,6.3,2.5,4.9,1.5,versicolor,versicolor,1,0.011506837882231261,0.6263021638287627,0.3621909982890055
74,9,6.1,2.8,4.7,1.2,versicolor,versicolor,1,0.009605589136989912,0.9670819356916736,0.02331247517133636
75,3,6.4,2.9,4.3,1.3,versicolor,versicolor,1,0.011610768681378138,0.9821364226945876,0.0062528086240341745
76,4,6.6,3.0,4.4,1.4,versicolor,versicolor,1,0.010819848693361042,0.9812806354198428,0.007899515886796367
77,9,6.8,2.8,4.8,1.4,versicolor,versicolor,1,0.016769599530990578,0.7745556086574245,0.20867479181158508
78,9,6.7,3.0,5.0,1.7,versicolor,virginica,0,0.013399838490466809,0.21403996782513446,0.7725601936843987
79,2,6.0,2.9,4.5,1.5,versicolor,versicolor,1,0.009004827374361696,0.9265172440773446,0.06447792854829361
80,8,5.7,2.6,3.5,1.0,versicolor,versicolor,1,0.015522831393849308,0.9806739393643144,0.003803229241835996
81,3,5.5,2.4,3.8,1.1,versicolor,versicolor,1,0.00851798738412785,0.9810609101139787,0.010421102501893344
82,10,5.5,2.4,3.7,1.0,versicolor,versicolor,1,0.011089040139018591,0.9828321693424331,0.006078790518548323
83,4,5.8,2.7,3.9,1.2,versicolor,versicolor,1,0.007993586432496856,0.9889425685282228,0.0030638450392802804
84,6,6.0,2.7,5.1,1.6,versicolor,virginica,0,0.008510390280758773,0.23900041379312736,0.7524891959261139
85,8,5.4,3.0,4.5,1.5,versicolor,versicolor,1,0.014209030813822895,0.9015443498550203,0.08424661933115696
86,2,6.0,3.4,4.5,1.6,versicolor,versicolor,1,0.038246661811603064,0.9213514219138809,0.04040191627451632
87,10,6.7,3.1,4.7,1.5,versicolor,versicolor,1,0.012582539907416193,0.8991910520726362,0.08822640801994767
88,1,6.3,2.3,4.4,1.3,versicolor,versicolor,1,0.016430704934642753,0.9014582446693423,0.08211105039601496
89,8,5.6,3.0,4.1,1.3,versicolor,versicolor,1,0.01659697870980505,0.9754834326218366,0.007919588668358374
90,4,5.5,2.5,4.0,1.3,versicolor,versicolor,1,0.006260783244748331,0.9776723054957404,0.016066911259511266
91,3,5.5,2.6,4.4,1.2,versicolor,versicolor,1,0.00742398588765029,0.9682116669734805,0.024364347138869244
92,7,6.1,3.0,4.6,1.4,versicolor,versicolor,1,0.00894334935340259,0.9605960403807743,0.03046061026582287
93,2,5.8,2.6,4.0,1.2,versicolor,versicolor,1,0.007532322408231033,0.985642210960375,0.006825466631394056
94,9,5.0,2.3,3.3,1.0,versicolor,versicolor,1,0.028333542490275258,0.9501910241069428,0.02147543340278186
95,2,5.6,2.7,4.2,1.3,versicolor,versicolor,1,0.007492780435267946,0.9740921397206156,0.018415079844116753
96,6,5.7,3.0,4.2,1.2,versicolor,versicolor,1,0.01589635241465586,0.9800233995347355,0.004080248050608761
97,4,5.7,2.9,4.2,1.3,versicolor,versicolor,1,0.009576983102330587,0.985090291557286,0.0053327253403835555
98,1,6.2,2.9,4.3,1.3,versicolor,versicolor,1,0.00970685365056392,0.9805617349543869,0.009731411395049218
99,6,5.1,2.5,3.0,1.1,versicolor,versicolor,1,0.03566811022621646,0.9517586659021704,0.012573223871613139
100,2,5.7,2.8,4.1,1.3,versicolor,versicolor,1,0.009542984286287946,0.9807427032035979,0.009714312510114296
101,1,6.3,3.3,6.0,2.5,virginica,virginica,1,0.014109374448508172,0.00410262152904368,0.981788004022448
102,10,5.8,2.7,5.1,1.9,virginica,virginica,1,0.008541758736349919,0.04460941526354953,0.9468488260001005
103,2,7.1,3.0,5.9,2.1,virginica,virginica,1,0.008380423076032605,0.006682715228324586,0.9849368616956429
104,9,6.3,2.9,5.6,1.8,virginica,virginica,1,0.009041966091545775,0.012050125499783917,0.9789079084086704
105,6,6.5,3.0,5.8,2.2,virginica,virginica,1,0.0075386400682809565,0.0013736872276091288,0.9910876727041096
106,6,7.6,3.0,6.6,2.1,virginica,virginica,1,0.01092319062672529,0.007196274187879606,0.9818805351853953
107,4,4.9,2.5,4.5,1.7,virginica,versicolor,0,0.03527040547564176,0.5516424533908058,0.41308714113355255
108,1,7.3,2.9,6.3,1.8,virginica,virginica,1,0.011527841466123852,0.014730302570879593,0.9737418559629964
109,4,6.7,2.5,5.8,1.8,virginica,virginica,1,0.008505247773977268,0.03186341682976258,0.9596313353962604
110,4,7.2,3.6,6.1,2.5,virginica,virginica,1,0.016836989769696886,0.015554664230388928,0.9676083459999143
111,4,6.5,3.2,5.1,2.0,virginica,virginica,1,0.011114135830095857,0.1110125281070625,0.8778733360628415
112,3,6.4,2.7,5.3,1.9,virginica,virginica,1,0.007471288141502553,0.01527242132157844,0.977256290536919
113,2,6.8,3.0,5.5,2.1,virginica,virginica,1,0.008641013327882465,0.009291409052226685,0.9820675776198906
114,9,5.7,2.5,5.0,2.0,virginica,virginica,1,0.00723591270922288,0.01757614463631088,0.9751879426544662
115,3,5.8,2.8,5.1,2.4,virginica,virginica,1,0.009933370658898408,0.002722895750324859,0.9873437335907765
116,8,6.4,3.2,5.3,2.3,virginica,virginica,1,0.009679757450123158,0.007818540434341036,0.9825017021155356
117,5,6.5,3.0,5.5,1.8,virginica,virginica,1,0.008421103595675425,0.048174622368146305,0.9434042740361783
118,8,7.7,3.8,6.7,2.2,virginica,virginica,1,0.020666829510231983,0.019729468461683837,0.9596037020280844
119,5,7.7,2.6,6.9,2.3,virginica,virginica,1,0.02845338686919178,0.017370570542266636,0.9541760425885413
120,10,6.0,2.2,5.0,1.5,virginica,versicolor,0,0.020386248290692802,0.7906382451127844,0.18897550659652315
121,3,6.9,3.2,5.7,2.3,virginica,virginica,1,0.008062105917240783,0.0041491793478664165,0.9877887147348928
122,3,5.6,2.8,4.9,2.0,virginica,virginica,1,0.008276012049214911,0.037847519131142426,0.9538764688196426
123,7,7.7,2.8,6.7,2.0,virginica,virginica,1,0.017344171178644337,0.02388298727287653,0.9587728415484792
124,6,6.3,2.7,4.9,1.8,virginica,virginica,1,0.008804921255079614,0.11491792736228462,0.8762771513826355
125,1,6.7,3.3,5.7,2.1,virginica,virginica,1,0.00925739153109949,0.013444949765918817,0.9772976587029819
126,7,7.2,3.2,6.0,1.8,virginica,virginica,1,0.010932113303376229,0.04908930920346158,0.9399785774931622
127,6,6.2,2.8,4.8,1.8,virginica,virginica,1,0.008987448585983092,0.17633389801317326,0.8146786534008437
128,5,6.1,3.0,4.9,1.8,virginica,virginica,1,0.009948977958369097,0.22842170050515376,0.7616293215364771
129,8,6.4,2.8,5.6,2.1,virginica,virginica,1,0.007131339887466342,0.0025276517119521822,0.9903410084005816
130,8,7.2,3.0,5.8,1.6,virginica,virginica,1,0.017115573980499822,0.18000483697923453,0.8028795890402655
131,1,7.4,2.8,6.1,1.9,virginica,virginica,1,0.012240086898995759,0.0168629737061562,0.9708969393948479
132,9,7.9,3.8,6.4,2.0,virginica,virginica,1,0.029252244739762956,0.03756775079492975,0.9331800044653071
133,5,6.4,2.8,5.6,2.2,virginica,virginica,1,0.008252676349550118,0.0014600192860285894,0.9902873043644215
134,5,6.3,2.8,5.1,1.5,virginica,versicolor,0,0.009130413857001132,0.6822687505241558,0.3086008356188435
135,10,6.1,2.6,5.6,1.4,virginica,virginica,1,0.015216487313944675,0.5136255507466914,0.47115796193936405
136,7,7.7,3.0,6.1,2.3,virginica,virginica,1,0.013856178598661699,0.016783167195697148,0.9693606542056409
137,3,6.3,3.4,5.6,2.4,virginica,virginica,1,0.013584075121040423,0.012696710046624511,0.9737192148323353
138,10,6.4,3.1,5.5,1.8,virginica,virginica,1,0.01023396467315687,0.09878306790651041,0.8909829674203329
139,2,6.0,3.0,4.8,1.8,virginica,virginica,1,0.013305818644013456,0.3469797942406749,0.6397143871153116
140,2,6.9,3.1,5.4,2.1,virginica,virginica,1,0.009130521454068072,0.017436952072987098,0.9734325264729448
141,6,6.7,3.1,5.6,2.4,virginica,virginica,1,0.008653645992115253,0.0019768005160590227,0.9893695534918259
142,9,6.9,3.1,5.1,2.3,virginica,virginica,1,0.01054695219049502,0.005739440093954289,0.9837136077155505
143,8,5.8,2.7,5.1,1.9,virginica,virginica,1,0.006750123988945987,0.024447604246951846,0.9688022717641018
144,9,6.8,3.2,5.9,2.3,virginica,virginica,1,0.008256397933890441,0.002130636984592412,0.9896129650815172
145,1,6.7,3.3,5.7,2.5,virginica,virginica,1,0.011342783614257142,0.004369091930762963,0.9842881244549799
146,7,6.7,3.0,5.2,2.3,virginica,virginica,1,0.009219906146088483,0.00595581204350971,0.9848242818104019
147,10,6.3,2.5,5.0,1.9,virginica,virginica,1,0.013560980781804727,0.07150912041365008,0.914929898804545
148,7,6.5,3.0,5.2,2.0,virginica,virginica,1,0.008587831385657775,0.02557392246482506,0.9658382461495174
149,2,6.2,3.4,5.4,2.3,virginica,virginica,1,0.017025463157085776,0.03672150857189167,0.9462530282710224
150,4,5.9,3.0,5.1,1.8,virginica,virginica,1,0.013181414903895565,0.22184285529596506,0.7649757298001397
