row_id,fold,sepal_length,sepal_width,petal_length,petal_width,iris_real,iris_knn_predicho,acierto,p_setosa,p_versicolor,p_virginica
1,3,5.1,3.5,1.4,0.2,setosa,setosa,1,1.0,0.0,0.0
2,8,4.9,3.0,1.4,0.2,setosa,setosa,1,1.0,0.0,0.0
3,7,4.7,3.2,1.3,0.2,setosa,setosa,1,1.0,0.0,0.0
4,10,4.6,3.1,1.5,0.2,setosa,setosa,1,1.0,0.0,0.0
5,4,5.0,3.6,1.4,0.2,setosa,setosa,1,1.0,0.0,0.0
6,10,5.4,3.9,1.7,0.4,setosa,setosa,1,1.0,0.0,0.0
7,6,4.6,3.4,1.4,0.3,setosa,setosa,1,1.0,0.0,0.0
8,6,5.0,3.4,1.5,0.2,setosa,setosa,1,1.0,0.0,0.0
9,7,4.4,2.9,1.4,0.2,setosa,setosa,1,1.0,0.0,0.0
10,4,4.9,3.1,1.5,0.1,setosa,setosa,1,1.0,0.0,0.0
11,3,5.4,3.7,1.5,0.2,setosa,setosa,1,1.0,0.0,0.0
12,1,4.8,3.4,1.6,0.2,setosa,setosa,1,1.0,0.0,0.0
13,8,4.8,3.0,1.4,0.1,setosa,setosa,1,1.0,0.0,0.0
14,2,4.3,3.0,1.1,0.1,setosa,setosa,1,1.0,0.0,0.0
15,1,5.8,4.0,1.2,0.2,setosa,setosa,1,1.0,0.0,0.0
16,2,5.7,4.4,1.5,0.4,setosa,setosa,1,1.0,0.0,0.0
17,9,5.4,3.9,1.3,0.4,setosa,setosa,1,1.0,0.0,0.0
18,10,5.1,3.5,1.4,0.3,setosa,setosa,1,1.0,0.0,0.0
19,10,5.7,3.8,1.7,0.3,setosa,setosa,1,1.0,0.0,0.0
20,4,5.1,3.8,1.5,0.3,setosa,setosa,1,1.0,0.0,0.0
21,2,5.4,3.4,1.7,0.2,setosa,setosa,1,1.0,0.0,0.0
22,4,5.1,3.7,1.5,0.4,setosa,setosa,1,1.0,0.0,0.0
23,5,4.6,3.6,1.0,0.2,setosa,setosa,1,1.0,0.0,0.0
24,7,5.1,3.3,1.7,0.5,setosa,setosa,1,1.0,0.0,0.0
25,7,4.8,3.4,1.9,0.2,setosa,setosa,1,1.0,0.0,0.0
26,1,5.0,3.0,1.6,0.2,setosa,setosa,1,1.0,0.0,0.0
27,9,5.0,3.4,1.6,0.4,setosa,setosa,1,1.0,0.0,0.0
28,6,5.2,3.5,1.5,0.2,setosa,setosa,1,1.0,0.0,0.0
29,7,5.2,3.4,1.4,0.2,setosa,setosa,1,1.0,0.0,0.0
30,2,4.7,3.2,1.6,0.2,setosa,setosa,1,1.0,0.0,0.0
31,6,4.8,3.1,1.6,0.2,setosa,setosa,1,1.0,0.0,0.0
32,3,5.4,3.4,1.5,0.4,setosa,setosa,1,1.0,0.0,0.0
33,8,5.2,4.1,1.5,0.1,setosa,setosa,1,1.0,0.0,0.0
34,1,5.5,4.2,1.4,0.2,setosa,setosa,1,1.0,0.0,0.0
35,5,4.9,3.1,1.5,0.2,setosa,setosa,1,1.0,0.0,0.0
36,1,5.0,3.2,1.2,0.2,setosa,setosa,1,1.0,0.0,0.0
37,9,5.5,3.5,1.3,0.2,setosa,setosa,1,1.0,0.0,0.0
38,8,4.9,3.6,1.4,0.1,setosa,setosa,1,1.0,0.0,0.0
39,5,4.4,3.0,1.3,0.2,setosa,setosa,1,1.0,0.0,0.0
40,9,5.1,3.4,1.5,0.2,setosa,setosa,1,1.0,0.0,0.0
41,3,5.0,3.5,1.3,0.3,setosa,setosa,1,1.0,0.0,0.0
42,5,4.5,2.3,1.3,0.3,setosa,setosa,1,1.0,0.0,0.0
43,4,4.4,3.2,1.3,0.2,setosa,setosa,1,1.0,0.0,0.0
44,10,5.0,3.5,1.6,0.6,setosa,setosa,1,1.0,0.0,0.0
45,5,5.1,3.8,1.9,0.4,setosa,setosa,1,1.0,0.0,0.0
46,2,4.8,3.0,1.4,0.3,setosa,setosa,1,1.0,0.0,0.0
47,9,5.1,3.8,1.6,0.2,setosa,setosa,1,1.0,0.0,0.0
48,3,4.6,3.2,1.4,0.2,setosa,setosa,1,1.0,0.0,0.0
49,6,5.3,3.7,1.5,0.2,setosa,setosa,1,1.0,0.0,0.0
50,8,5.0,3.3,1.4,0.2,setosa,setosa,1,1.0,0.0,0.0
51,6,7.0,3.2,4.7,1.4,versicolor,versicolor,1,0.0,1.0,0.0
52,8,6.4,3.2,4.5,1.5,versicolor,versicolor,1,0.0,1.0,0.0
53,1,6.9,3.1,4.9,1.5,versicolor,versicolor,1,0.0,1.0,0.0
54,10,5.5,2.3,4.0,1.3,versicolor,versicolor,1,0.0,1.0,0.0
55,10,6.5,2.8,4.6,1.5,versicolor,versicolor,1,0.0,1.0,0.0
56,8,5.7,2.8,4.5,1.3,versicolor,versicolor,1,0.0,1.0,0.0
57,5,6.3,3.3,4.7,1.6,versicolor,versicolor,1,0.0,1.0,0.0
58,9,4.9,2.4,3.3,1.0,versicolor,versicolor,1,0.0,1.0,0.0
59,3,6.6,2.9,4.6,1.3,versicolor,versicolor,1,0.0,1.0,0.0
60,1,5.2,2.7,3.9,1.4,versicolor,versicolor,1,0.0,1.0,0.0
61,4,5.0,2.0,3.5,1.0,versicolor,versicolor,1,0.0,1.0,0.0
62,7,5.9,3.0,4.2,1.5,versicolor,versicolor,1,0.0,1.0,0.0
63,10,6.0,2.2,4.0,1.0,versicolor,versicolor,1,0.0,1.0,0.0
64,7,6.1,2.9,4.7,1.4,versicolor,versicolor,1,0.0,1.0,0.0
65,5,5.6,2.9,3.6,1.3,versicolor,versicolor,1,0.0,1.0,0.0
66,1,6.7,3.1,4.4,1.4,versicolor,versicolor,1,0.0,1.0,0.0
67,5,5.6,3.0,4.5,1.5,versicolor,versicolor,1,0.0,1.0,0.0
68,7,5.8,2.7,4.1,1.0,versicolor,versicolor,1,0.0,1.0,0.0
69,3,6.2,2.2,4.5,1.5,versicolor,versicolor,1,0.0,0.6666666666666666,0.3333333333333333
70,7,5.6,2.5,3.9,1.1,versicolor,versicolor,1,0.0,1.0,0.0
71,5,5.9,3.2,4.8,1.8,versicolor,virginica,0,0.0,0.3333333333333333,0.6666666666666666
72,5,6.1,2.8,4.0,1.3,versicolor,versicolor,1,0.0,1.0,0.0
73,6,6.3,2.5,4.9,1.5,versicolor,virginica,0,0.0,0.0,1.0
74,9,6.1,2.8,4.7,1.2,versicolor,versicolor,1,0.0,1.0,0.0
75,3,6.4,2.9,4.3,1.3,versicolor,versicolor,1,0.0,1.0,0.0
76,4,6.6,3.0,4.4,1.4,versicolor,versicolor,1,0.0,1.0,0.0
77,9,6.8,2.8,4.8,1.4,versicolor,versicolor,1,0.0,1.0,0.0
78,9,6.7,3.0,5.0,1.7,versicolor,versicolor,1,0.0,0.6666666666666666,0.3333333333333333
79,2,6.0,2.9,4.5,1.5,versicolor,versicolor,1,0.0,1.0,0.0
80,8,5.7,2.6,3.5,1.0,versicolor,versicolor,1,0.0,1.0,0.0
81,3,5.5,2.4,3.8,1.1,versicolor,versicolor,1,0.0,1.0,0.0
82,10,5.5,2.4,3.7,1.0,versicolor,versicolor,1,0.0,1.0,0.0
83,4,5.8,2.7,3.9,1.2,versicolor,versicolor,1,0.0,1.0,0.0
84,6,6.0,2.7,5.1,1.6,versicolor,virginica,0,0.0,0.0,1.0
85,8,5.4,3.0,4.5,1.5,versicolor,versicolor,1,0.0,1.0,0.0
86,2,6.0,3.4,4.5,1.6,versicolor,versicolor,1,0.0,1.0,0.0
87,10,6.7,3.1,4.7,1.5,versicolor,versicolor,1,0.0,1.0,0.0
88,1,6.3,2.3,4.4,1.3,versicolor,versicolor,1,0.0,1.0,0.0
89,8,5.6,3.0,4.1,1.3,versicolor,versicolor,1,0.0,1.0,0.0
90,4,5.5,2.5,4.0,1.3,versicolor,versicolor,1,0.0,1.0,0.0
91,3,5.5,2.6,4.4,1.2,versicolor,versicolor,1,0.0,1.0,0.0
92,7,6.1,3.0,4.6,1.4,versicolor,versicolor,1,0.0,1.0,0.0
93,2,5.8,2.6,4.0,1.2,versicolor,versicolor,1,0.0,1.0,0.0
94,9,5.0,2.3,3.3,1.0,versicolor,versicolor,1,0.0,1.0,0.0
95,2,5.6,2.7,4.2,1.3,versicolor,versicolor,1,0.0,1.0,0.0
96,6,5.7,3.0,4.2,1.2,versicolor,versicolor,1,0.0,1.0,0.0
97,4,5.7,2.9,4.2,1.3,versicolor,versicolor,1,0.0,1.0,0.0
98,1,6.2,2.9,4.3,1.3,versicolor,versicolor,1,0.0,1.0,0.0
99,6,5.1,2.5,3.0,1.1,versicolor,versicolor,1,0.0,1.0,0.0
100,2,5.7,2.8,4.1,1.3,versicolor,versicolor,1,0.0,1.0,0.0
101,1,6.3,3.3,6.0,2.5,virginica,virginica,1,0.0,0.0,1.0
102,10,5.8,2.7,5.1,1.9,virginica,virginica,1,0.0,0.0,1.0
103,2,7.1,3.0,5.9,2.1,virginica,virginica,1,0.0,0.0,1.0
104,9,6.3,2.9,5.6,1.8,virginica,virginica,1,0.0,0.0,1.0
105,6,6.5,3.0,5.8,2.2,virginica,virginica,1,0.0,0.0,1.0
106,6,7.6,3.0,6.6,2.1,virginica,virginica,1,0.0,0.0,1.0
107,4,4.9,2.5,4.5,1.7,virginica,versicolor,0,0.0,1.0,0.0
108,1,7.3,2.9,6.3,1.8,virginica,virginica,1,0.0,0.0,1.0
109,4,6.7,2.5,5.8,1.8,virginica,virginica,1,0.0,0.0,1.0
110,4,7.2,3.6,6.1,2.5,virginica,virginica,1,0.0,0.0,1.0
111,4,6.5,3.2,5.1,2.0,virginica,virginica,1,0.0,0.3333333333333333,0.6666666666666666
112,3,6.4,2.7,5.3,1.9,virginica,virginica,1,0.0,0.0,1.0
113,2,6.8,3.0,5.5,2.1,virginica,virginica,1,0.0,0.0,1.0
114,9,5.7,2.5,5.0,2.0,virginica,virginica,1,0.0,0.0,1.0
115,3,5.8,2.8,5.1,2.4,virginica,virginica,1,0.0,0.0,1.0
116,8,6.4,3.2,5.3,2.3,virginica,virginica,1,0.0,0.0,1.0
117,5,6.5,3.0,5.5,1.8,virginica,virginica,1,0.0,0.0,1.0
118,8,7.7,3.8,6.7,2.2,virginica,virginica,1,0.0,0.0,1.0
119,5,7.7,2.6,6.9,2.3,virginica,virginica,1,0.0,0.0,1.0
120,10,6.0,2.2,5.0,1.5,virginica,versicolor,0,0.0,1.0,0.0
121,3,6.9,3.2,5.7,2.3,virginica,virginica,1,0.0,0.0,1.0
122,3,5.6,2.8,4.9,2.0,virginica,virginica,1,0.0,0.0,1.0
123,7,7.7,2.8,6.7,2.0,virginica,virginica,1,0.0,0.0,1.0
124,6,6.3,2.7,4.9,1.8,virginica,virginica,1,0.0,0.0,1.0
125,1,6.7,3.3,5.7,2.1,virginica,virginica,1,0.0,0.0,1.0
126,7,7.2,3.2,6.0,1.8,virginica,virginica,1,0.0,0.0,1.0
127,6,6.2,2.8,4.8,1.8,virginica,virginica,1,0.0,0.0,1.0
128,5,6.1,3.0,4.9,1.8,virginica,virginica,1,0.0,0.0,1.0
129,8,6.4,2.8,5.6,2.1,virginica,virginica,1,0.0,0.0,1.0
130,8,7.2,3.0,5.8,1.6,virginica,virginica,1,0.0,0.0,1.0
131,1,7.4,2.8,6.1,1.9,virginica,virginica,1,0.0,0.0,1.0
132,9,7.9,3.8,6.4,2.0,virginica,virginica,1,0.0,0.0,1.0
133,5,6.4,2.8,5.6,2.2,virginica,virginica,1,0.0,0.0,1.0
134,5,6.3,2.8,5.1,1.5,virginica,versicolor,0,0.0,0.6666666666666666,0.3333333333333333
135,10,6.1,2.6,5.6,1.4,virginica,virginica,1,0.0,0.3333333333333333,0.6666666666666666
136,7,7.7,3.0,6.1,2.3,virginica,virginica,1,0.0,0.0,1.0
137,3,6.3,3.4,5.6,2.4,virginica,virginica,1,0.0,0.0,1.0
138,10,6.4,3.1,5.5,1.8,virginica,virginica,1,0.0,0.0,1.0
139,2,6.0,3.0,4.8,1.8,virginica,virginica,1,0.0,0.3333333333333333,0.6666666666666666
140,2,6.9,3.1,5.4,2.1,virginica,virginica,1,0.0,0.0,1.0
141,6,6.7,3.1,5.6,2.4,virginica,virginica,1,0.0,0.0,1.0
142,9,6.9,3.1,5.1,2.3,virginica,virginica,1,0.0,0.0,1.0
143,8,5.8,2.7,5.1,1.9,virginica,virginica,1,0.0,0.0,1.0
144,9,6.8,3.2,5.9,2.3,virginica,virginica,1,0.0,0.0,1.0
145,1,6.7,3.3,5.7,2.5,virginica,virginica,1,0.0,0.0,1.0
146,7,6.7,3.0,5.2,2.3,virginica,virginica,1,0.0,0.0,1.0
147,10,6.3,2.5,5.0,1.9,virginica,virginica,1,0.0,0.0,1.0
148,7,6.5,3.0,5.2,2.0,virginica,virginica,1,0.0,0.0,1.0
149,2,6.2,3.4,5.4,2.3,virginica,virginica,1,0.0,0.0,1.0
150,4,5.9,3.0,5.1,1.8,virginica,virginica,1,0.0,0.0,1.0
