row_index,fold,model,actual,predicted,probability_1
0,9,Logistic Regression,0,0,0.17804299452775285
1,4,Logistic Regression,1,1,0.9988265940517546
2,2,Logistic Regression,1,1,0.9943345646090325
3,7,Logistic Regression,0,0,0.1903572892888844
4,8,Logistic Regression,0,0,0.043753542543067105
5,4,Logistic Regression,0,0,0.036886895409507056
6,2,Logistic Regression,1,1,0.8018109288923938
7,6,Logistic Regression,0,0,0.12058663573335965
8,4,Logistic Regression,1,1,0.9549019517024508
9,9,Logistic Regression,1,1,0.9098384685430454
10,2,Logistic Regression,0,1,0.5228009987767103
11,10,Logistic Regression,0,0,0.10692578358682642
12,1,Logistic Regression,1,0,0.2956254515057339
13,4,Logistic Regression,0,0,0.11425047657023586
14,7,Logistic Regression,0,0,0.1600959556779593
15,9,Logistic Regression,0,0,0.03554932346454168
16,4,Logistic Regression,1,0,0.10287877163457626
17,2,Logistic Regression,0,0,0.29051397996138834
18,6,Logistic Regression,0,0,0.01131508420258351
19,1,Logistic Regression,0,0,0.0930575978323806
20,4,Logistic Regression,0,0,0.2985519284341469
21,2,Logistic Regression,0,0,0.017413371623965206
22,4,Logistic Regression,1,0,0.2773173611507843
23,6,Logistic Regression,1,1,0.7842744708820405
24,5,Logistic Regression,1,1,0.9947708746376014
25,2,Logistic Regression,0,0,0.029198997857219747
26,9,Logistic Regression,0,0,0.005736980855921455
27,7,Logistic Regression,0,0,0.05233934760712179
28,10,Logistic Regression,0,0,0.31739180245023463
29,1,Logistic Regression,1,1,0.9572546319457617
30,1,Logistic Regression,0,0,0.14935258905802742
31,3,Logistic Regression,1,1,0.9194547627172169
32,9,Logistic Regression,1,0,0.03388683904505053
33,5,Logistic Regression,0,1,0.7813530243532694
34,2,Logistic Regression,0,0,0.0793437428901875
35,1,Logistic Regression,0,0,0.1794626647053005
36,1,Logistic Regression,1,1,0.969737679728322
37,5,Logistic Regression,1,1,0.9577226653475758
38,10,Logistic Regression,1,1,0.9851646144408917
39,1,Logistic Regression,0,0,0.3063739956718425
40,1,Logistic Regression,1,1,0.9901571295254697
41,2,Logistic Regression,0,0,0.3072941548694243
42,10,Logistic Regression,0,0,0.2818401498127176
43,6,Logistic Regression,0,0,0.024838299771442744
44,1,Logistic Regression,1,0,0.05415010857742296
45,1,Logistic Regression,1,1,0.6527469408987455
46,4,Logistic Regression,0,0,0.03932244371122785
47,6,Logistic Regression,1,1,0.9696040595781901
48,9,Logistic Regression,0,0,0.06836990692961993
49,10,Logistic Regression,0,0,0.06464565944396158
50,9,Logistic Regression,0,0,0.032756375057387155
51,5,Logistic Regression,0,1,0.5284272210864412
52,4,Logistic Regression,1,1,0.5151315225553124
53,4,Logistic Regression,0,0,0.04620245834769675
54,7,Logistic Regression,1,1,0.9143515889464439
55,9,Logistic Regression,1,1,0.9902481277464359
56,2,Logistic Regression,1,1,0.5887570105356128
57,6,Logistic Regression,1,0,0.35392674064157953
58,6,Logistic Regression,0,0,0.36320418526171167
59,1,Logistic Regression,0,1,0.531128940852189
60,5,Logistic Regression,1,1,0.7581279976507563
61,6,Logistic Regression,0,0,0.11018375891209402
62,4,Logistic Regression,1,1,0.9990770471291304
63,3,Logistic Regression,0,0,0.0066717867809430904
64,3,Logistic Regression,1,1,0.9301559201420337
65,9,Logistic Regression,1,1,0.996760536469835
66,5,Logistic Regression,1,0,0.21915221591814127
67,3,Logistic Regression,0,0,0.33937021224878533
68,8,Logistic Regression,1,1,0.9878693027880056
69,10,Logistic Regression,1,0,0.303847513469999
70,5,Logistic Regression,0,0,0.018188912898402874
71,9,Logistic Regression,1,1,0.9243399756064808
72,5,Logistic Regression,1,1,0.9939937055648213
73,1,Logistic Regression,1,0,0.4654091864508966
74,8,Logistic Regression,1,0,0.29160274473915065
75,10,Logistic Regression,0,0,0.037570454379852604
76,4,Logistic Regression,1,1,0.9887383226052555
77,2,Logistic Regression,0,0,0.09639102008644095
78,9,Logistic Regression,0,0,0.22855409630952184
79,7,Logistic Regression,1,1,0.8984636385442248
80,8,Logistic Regression,0,1,0.8706591551932275
81,6,Logistic Regression,0,0,0.3568304274006302
82,9,Logistic Regression,0,0,0.06125900252351547
83,5,Logistic Regression,1,1,0.7664020407558048
84,3,Logistic Regression,0,0,0.05825298865890591
85,5,Logistic Regression,0,0,0.0463583187825038
86,2,Logistic Regression,0,0,0.0668859220231408
87,8,Logistic Regression,0,0,0.049443687278835455
88,4,Logistic Regression,0,0,0.0751445494577776
89,6,Logistic Regression,0,0,0.017633157536521577
90,1,Logistic Regression,0,0,0.46753994512864716
91,9,Logistic Regression,1,1,0.9955840026450433
92,4,Logistic Regression,0,1,0.9764385200470966
93,6,Logistic Regression,0,0,0.0073344044323275515
94,1,Logistic Regression,0,0,0.007300724525583114
95,8,Logistic Regression,1,1,0.8163143707995217
96,3,Logistic Regression,1,1,0.9645936955832389
97,3,Logistic Regression,1,1,0.9736754549752193
98,2,Logistic Regression,0,0,0.26039727965347576
99,5,Logistic Regression,0,0,0.1927046103779822
100,9,Logistic Regression,0,0,0.14626839680541778
101,3,Logistic Regression,0,0,0.026064104104937234
102,3,Logistic Regression,0,0,0.23119370138906567
103,1,Logistic Regression,0,0,0.01392443417465658
104,10,Logistic Regression,1,1,0.9671480297758646
105,9,Logistic Regression,0,0,0.19167250179322157
106,3,Logistic Regression,1,1,0.7965124606606878
107,2,Logistic Regression,1,1,0.6355694603761691
108,2,Logistic Regression,1,1,0.983084477485459
109,10,Logistic Regression,1,1,0.7894900002576619
110,6,Logistic Regression,1,1,0.8957602358656971
111,8,Logistic Regression,1,1,0.9032967855486791
112,2,Logistic Regression,0,0,0.09920115262452436
113,7,Logistic Regression,1,1,0.9276073301879819
114,2,Logistic Regression,1,0,0.34385424085941696
115,9,Logistic Regression,0,0,0.3898494870535561
116,7,Logistic Regression,0,0,0.03926763101618124
117,5,Logistic Regression,0,0,0.0654194718620807
118,8,Logistic Regression,1,1,0.9966299505242872
119,3,Logistic Regression,1,1,0.9836101123131687
120,3,Logistic Regression,1,1,0.9676314541312626
121,3,Logistic Regression,1,1,0.9976983676953374
122,1,Logistic Regression,0,0,0.1663359221845101
123,8,Logistic Regression,1,1,0.9887426102217362
124,1,Logistic Regression,1,0,0.24303689958212157
125,6,Logistic Regression,0,0,0.10212780220347968
126,7,Logistic Regression,1,1,0.9954489473017066
127,5,Logistic Regression,1,1,0.9750113898013708
128,7,Logistic Regression,0,0,0.055834866971631224
129,1,Logistic Regression,0,0,0.02420089864895631
130,8,Logistic Regression,0,0,0.43572871015291215
131,8,Logistic Regression,0,0,0.31249912556399567
132,4,Logistic Regression,0,0,0.041106326100208354
133,3,Logistic Regression,0,0,0.4179102532634663
134,9,Logistic Regression,0,0,0.019943823130905942
135,2,Logistic Regression,0,0,0.14984085980864786
136,5,Logistic Regression,1,1,0.9089956038801893
137,6,Logistic Regression,1,1,0.947479754575213
138,2,Logistic Regression,1,1,0.9071839331961224
139,3,Logistic Regression,0,0,0.2007087775816792
140,7,Logistic Regression,0,0,0.12825728957506383
141,7,Logistic Regression,1,0,0.44226766660289274
142,2,Logistic Regression,0,0,0.04292981169091216
143,3,Logistic Regression,1,1,0.6925070373194158
144,2,Logistic Regression,0,1,0.503541248819383
145,6,Logistic Regression,1,0,0.013820355106520965
146,2,Logistic Regression,1,1,0.9962308242859057
147,8,Logistic Regression,0,0,0.014248469388928046
148,5,Logistic Regression,0,0,0.12630826082417135
149,5,Logistic Regression,0,0,0.019124036827130486
150,3,Logistic Regression,0,0,0.4152616578815539
151,6,Logistic Regression,0,0,0.31135996611973077
152,7,Logistic Regression,0,1,0.5610622787811964
153,9,Logistic Regression,1,1,0.9870623866051653
154,7,Logistic Regression,1,1,0.9347549407424363
155,2,Logistic Regression,1,1,0.9915081359832413
156,1,Logistic Regression,1,1,0.802142741270231
157,6,Logistic Regression,1,1,0.9247638722273391
158,5,Logistic Regression,1,1,0.9860524491564121
159,10,Logistic Regression,0,0,0.4110795314275377
160,9,Logistic Regression,0,0,0.11998339007540491
161,8,Logistic Regression,1,1,0.9568213665030153
162,3,Logistic Regression,0,0,0.01583881259426915
163,8,Logistic Regression,0,0,0.2562358447943042
164,4,Logistic Regression,0,0,0.19034790261906298
165,5,Logistic Regression,0,1,0.6522566628926691
166,2,Logistic Regression,0,0,0.06574491432090623
167,7,Logistic Regression,0,0,0.19720628860382733
168,3,Logistic Regression,1,1,0.7870300790649757
169,8,Logistic Regression,0,0,0.03120339279286407
170,2,Logistic Regression,1,1,0.9446817449562497
171,8,Logistic Regression,0,1,0.9157928236386617
172,7,Logistic Regression,1,0,0.35279481545611685
173,4,Logistic Regression,0,0,0.40410079237034563
174,10,Logistic Regression,1,1,0.9631172679973455
175,4,Logistic Regression,1,1,0.9930750056211863
176,10,Logistic Regression,0,1,0.9684520511981644
177,5,Logistic Regression,1,1,0.9517317943965772
178,7,Logistic Regression,0,0,0.3314632189542262
179,7,Logistic Regression,0,1,0.594525520656126
180,6,Logistic Regression,1,1,0.8292356294147322
181,9,Logistic Regression,1,1,0.9865171626845616
182,4,Logistic Regression,0,1,0.5482087059902585
183,1,Logistic Regression,0,1,0.9393033394017656
184,8,Logistic Regression,1,0,0.12608132362394175
185,8,Logistic Regression,0,0,0.08613741017672692
186,8,Logistic Regression,0,0,0.0444288569860152
187,8,Logistic Regression,1,1,0.9839254203271864
188,4,Logistic Regression,1,1,0.722572631601862
189,7,Logistic Regression,1,1,0.9785164657479426
190,10,Logistic Regression,0,0,0.023924508140030085
191,2,Logistic Regression,1,1,0.9992505579958657
192,1,Logistic Regression,1,1,0.9292492646349496
193,7,Logistic Regression,1,1,0.9581402015248837
194,3,Logistic Regression,0,0,0.06374371717064616
195,4,Logistic Regression,1,1,0.9735210072549983
196,3,Logistic Regression,0,1,0.5887566142099658
197,5,Logistic Regression,0,0,0.40384674491651135
198,5,Logistic Regression,0,0,0.022773780696304043
199,10,Logistic Regression,1,0,0.08213661984129936
200,3,Logistic Regression,0,0,0.043424764270472434
201,3,Logistic Regression,0,0,0.34752732256092284
202,1,Logistic Regression,0,0,0.14842388589467354
203,3,Logistic Regression,0,0,0.06005408598194403
204,5,Logistic Regression,0,0,0.4494730244565718
205,9,Logistic Regression,1,1,0.9980220430339136
206,8,Logistic Regression,1,1,0.99829678397974
207,6,Logistic Regression,1,1,0.9641258081335389
208,8,Logistic Regression,0,0,0.07326638007608216
209,5,Logistic Regression,1,0,0.39084405711237286
210,7,Logistic Regression,0,0,0.006971376582544573
211,9,Logistic Regression,1,1,0.5649275828021895
212,6,Logistic Regression,0,0,0.20456641104873244
213,1,Logistic Regression,1,1,0.945036841534543
214,3,Logistic Regression,1,0,0.2618179415191744
215,5,Logistic Regression,0,0,0.4431422074392591
216,9,Logistic Regression,0,0,0.009081189910934009
217,10,Logistic Regression,0,0,0.34221667655127885
218,6,Logistic Regression,0,1,0.896288367842025
219,1,Logistic Regression,0,0,0.18996720466726433
220,10,Logistic Regression,0,0,0.01495842743684546
221,7,Logistic Regression,0,0,0.01049577445880592
222,1,Logistic Regression,0,0,0.001600259917704136
223,1,Logistic Regression,1,1,0.9976622969257886
224,9,Logistic Regression,1,1,0.6749424266270937
225,4,Logistic Regression,0,0,0.007735049846893583
226,9,Logistic Regression,0,0,0.14095215255486251
227,1,Logistic Regression,0,0,0.02648853145973565
228,5,Logistic Regression,1,1,0.8831350676601987
229,9,Logistic Regression,1,1,0.5597881421777542
230,2,Logistic Regression,0,0,0.030186669992835417
231,4,Logistic Regression,1,1,0.9236902214070882
232,7,Logistic Regression,1,1,0.666527589084244
233,5,Logistic Regression,0,0,0.21846380853407116
234,9,Logistic Regression,0,0,0.03355036477143495
235,7,Logistic Regression,1,1,0.9925565769214438
236,3,Logistic Regression,1,1,0.9460265306804998
237,5,Logistic Regression,1,1,0.7186418918040768
238,9,Logistic Regression,0,0,0.06784467030992744
239,10,Logistic Regression,0,0,0.054970230988316895
240,4,Logistic Regression,0,0,0.03705537626559692
241,4,Logistic Regression,0,0,0.014752661742227119
242,7,Logistic Regression,0,0,0.05680781186871544
243,6,Logistic Regression,1,1,0.679640717800475
244,3,Logistic Regression,0,0,0.007368318925880844
245,2,Logistic Regression,1,1,0.5740726374576739
246,10,Logistic Regression,1,1,0.6854702958084277
247,8,Logistic Regression,1,1,0.9475597430623478
248,4,Logistic Regression,1,1,0.9061843266189258
249,10,Logistic Regression,0,0,0.06606889391050502
250,4,Logistic Regression,0,1,0.7467532912999689
251,7,Logistic Regression,1,1,0.9633359960927883
252,3,Logistic Regression,0,1,0.9731620276797877
253,6,Logistic Regression,0,0,0.014723373398590317
254,2,Logistic Regression,0,0,0.47728832532078996
255,4,Logistic Regression,0,0,0.01571216825333435
256,10,Logistic Regression,0,0,0.35468069652306067
257,8,Logistic Regression,0,0,0.4157823697133521
258,3,Logistic Regression,0,0,0.2115446701933804
259,3,Logistic Regression,1,0,0.222724696924182
260,10,Logistic Regression,0,0,0.06699154505625932
261,10,Logistic Regression,1,0,0.24914863244353921
262,1,Logistic Regression,0,0,0.011806771279398946
263,4,Logistic Regression,0,0,0.024973823496307217
264,1,Logistic Regression,1,1,0.9808714480911135
265,10,Logistic Regression,1,1,0.8021412676516334
266,6,Logistic Regression,1,1,0.5419543443117503
267,6,Logistic Regression,1,0,0.18427988865824776
268,8,Logistic Regression,1,0,0.36527579543792504
269,10,Logistic Regression,0,0,0.027176796358102454
270,1,Logistic Regression,1,1,0.9663699252912559
271,8,Logistic Regression,0,1,0.7866698420159206
272,8,Logistic Regression,1,1,0.996417296257828
273,7,Logistic Regression,0,0,0.10966679736698627
274,6,Logistic Regression,1,0,0.1705626440189672
275,6,Logistic Regression,0,1,0.593403392775269
276,8,Logistic Regression,0,0,0.1475006098299395
277,6,Logistic Regression,0,0,0.03299637280944965
278,9,Logistic Regression,1,0,0.3346702584627098
279,5,Logistic Regression,0,0,0.192127832343394
280,10,Logistic Regression,1,1,0.9851717770136788
281,8,Logistic Regression,0,0,0.020405736585498387
282,5,Logistic Regression,1,1,0.9575562089615304
283,10,Logistic Regression,0,0,0.03364908881024401
284,2,Logistic Regression,1,1,0.7111285624604311
285,9,Logistic Regression,1,1,0.9937440500120587
286,10,Logistic Regression,1,1,0.9499237418505423
287,2,Logistic Regression,0,1,0.6667593942444996
288,5,Logistic Regression,0,0,0.35757567475637975
289,7,Logistic Regression,0,0,0.08069917441826731
290,7,Logistic Regression,1,0,0.40739629746108064
291,1,Logistic Regression,0,0,0.03473693097321481
292,10,Logistic Regression,1,0,0.4935734460841179
293,6,Logistic Regression,1,1,0.9916408450082811
294,3,Logistic Regression,1,0,0.18409642574649845
295,6,Logistic Regression,0,0,0.020920806545288127
296,7,Logistic Regression,1,1,0.9635504520125228
297,4,Logistic Regression,1,1,0.7070505772822279
298,8,Logistic Regression,1,0,0.25637809894191227
299,10,Logistic Regression,1,1,0.9911578809103586
300,2,Logistic Regression,1,1,0.9562381667255255
301,10,Logistic Regression,1,0,0.1259451893906557
302,7,Logistic Regression,0,0,0.05559566729942061
0,9,Random Forest,0,0,0.28
1,4,Random Forest,1,1,0.91
2,2,Random Forest,1,1,0.97
3,7,Random Forest,0,0,0.43
4,8,Random Forest,0,0,0.0
5,4,Random Forest,0,0,0.06
6,2,Random Forest,1,1,0.53
7,6,Random Forest,0,0,0.34
8,4,Random Forest,1,1,0.97
9,9,Random Forest,1,1,0.88
10,2,Random Forest,0,0,0.32
11,10,Random Forest,0,0,0.06
12,1,Random Forest,1,1,0.7
13,4,Random Forest,0,0,0.28
14,7,Random Forest,0,0,0.17
15,9,Random Forest,0,0,0.12
16,4,Random Forest,1,0,0.23
17,2,Random Forest,0,0,0.24
18,6,Random Forest,0,0,0.04
19,1,Random Forest,0,0,0.04
20,4,Random Forest,0,0,0.43
21,2,Random Forest,0,0,0.21
22,4,Random Forest,1,0,0.27
23,6,Random Forest,1,0,0.45
24,5,Random Forest,1,1,1.0
25,2,Random Forest,0,0,0.02
26,9,Random Forest,0,0,0.04
27,7,Random Forest,0,0,0.33
28,10,Random Forest,0,0,0.19
29,1,Random Forest,1,1,0.81
30,1,Random Forest,0,0,0.23
31,3,Random Forest,1,1,0.87
32,9,Random Forest,1,0,0.13
33,5,Random Forest,0,1,0.74
34,2,Random Forest,0,0,0.07
35,1,Random Forest,0,0,0.09
36,1,Random Forest,1,1,0.93
37,5,Random Forest,1,1,0.91
38,10,Random Forest,1,1,0.92
39,1,Random Forest,0,1,0.59
40,1,Random Forest,1,1,0.86
41,2,Random Forest,0,0,0.5
42,10,Random Forest,0,0,0.15
43,6,Random Forest,0,0,0.12
44,1,Random Forest,1,0,0.35
45,1,Random Forest,1,1,0.69
46,4,Random Forest,0,0,0.37
47,6,Random Forest,1,1,0.78
48,9,Random Forest,0,0,0.18
49,10,Random Forest,0,0,0.13
50,9,Random Forest,0,0,0.14
51,5,Random Forest,0,1,0.79
52,4,Random Forest,1,1,0.6
53,4,Random Forest,0,0,0.01
54,7,Random Forest,1,1,0.92
55,9,Random Forest,1,1,0.96
56,2,Random Forest,1,0,0.35
57,6,Random Forest,1,0,0.39
58,6,Random Forest,0,0,0.25
59,1,Random Forest,0,0,0.46
60,5,Random Forest,1,1,0.93
61,6,Random Forest,0,0,0.23
62,4,Random Forest,1,1,0.99
63,3,Random Forest,0,0,0.05
64,3,Random Forest,1,1,0.93
65,9,Random Forest,1,1,1.0
66,5,Random Forest,1,0,0.31
67,3,Random Forest,0,0,0.42
68,8,Random Forest,1,1,0.94
69,10,Random Forest,1,0,0.42
70,5,Random Forest,0,0,0.15
71,9,Random Forest,1,1,0.55
72,5,Random Forest,1,1,0.96
73,1,Random Forest,1,1,0.73
74,8,Random Forest,1,0,0.43
75,10,Random Forest,0,0,0.27
76,4,Random Forest,1,1,0.99
77,2,Random Forest,0,0,0.11
78,9,Random Forest,0,0,0.08
79,7,Random Forest,1,1,0.66
80,8,Random Forest,0,1,0.55
81,6,Random Forest,0,0,0.12
82,9,Random Forest,0,0,0.08
83,5,Random Forest,1,1,0.6
84,3,Random Forest,0,0,0.01
85,5,Random Forest,0,0,0.02
86,2,Random Forest,0,0,0.16
87,8,Random Forest,0,0,0.14
88,4,Random Forest,0,0,0.13
89,6,Random Forest,0,0,0.03
90,1,Random Forest,0,1,0.53
91,9,Random Forest,1,1,0.83
92,4,Random Forest,0,1,0.94
93,6,Random Forest,0,0,0.09
94,1,Random Forest,0,0,0.17
95,8,Random Forest,1,1,0.87
96,3,Random Forest,1,1,0.96
97,3,Random Forest,1,1,0.95
98,2,Random Forest,0,0,0.34
99,5,Random Forest,0,0,0.04
100,9,Random Forest,0,0,0.16
101,3,Random Forest,0,0,0.12
102,3,Random Forest,0,1,0.57
103,1,Random Forest,0,0,0.18
104,10,Random Forest,1,1,0.71
105,9,Random Forest,0,0,0.4
106,3,Random Forest,1,1,0.73
107,2,Random Forest,1,0,0.49
108,2,Random Forest,1,1,0.98
109,10,Random Forest,1,1,0.72
110,6,Random Forest,1,1,0.92
111,8,Random Forest,1,1,0.79
112,2,Random Forest,0,0,0.29
113,7,Random Forest,1,1,0.97
114,2,Random Forest,1,0,0.47
115,9,Random Forest,0,0,0.31
116,7,Random Forest,0,0,0.14
117,5,Random Forest,0,0,0.05
118,8,Random Forest,1,1,0.91
119,3,Random Forest,1,1,0.97
120,3,Random Forest,1,1,0.85
121,3,Random Forest,1,1,0.92
122,1,Random Forest,0,0,0.38
123,8,Random Forest,1,1,0.94
124,1,Random Forest,1,0,0.49
125,6,Random Forest,0,0,0.18
126,7,Random Forest,1,1,0.97
127,5,Random Forest,1,1,0.97
128,7,Random Forest,0,0,0.01
129,1,Random Forest,0,0,0.17
130,8,Random Forest,0,1,0.58
131,8,Random Forest,0,0,0.46
132,4,Random Forest,0,0,0.02
133,3,Random Forest,0,0,0.25
134,9,Random Forest,0,0,0.02
135,2,Random Forest,0,0,0.09
136,5,Random Forest,1,1,0.94
137,6,Random Forest,1,1,0.83
138,2,Random Forest,1,1,0.94
139,3,Random Forest,0,0,0.31
140,7,Random Forest,0,0,0.18
141,7,Random Forest,1,0,0.22
142,2,Random Forest,0,0,0.01
143,3,Random Forest,1,1,0.7
144,2,Random Forest,0,1,0.56
145,6,Random Forest,1,0,0.02
146,2,Random Forest,1,1,0.94
147,8,Random Forest,0,0,0.1
148,5,Random Forest,0,0,0.09
149,5,Random Forest,0,0,0.25
150,3,Random Forest,0,1,0.6
151,6,Random Forest,0,0,0.24
152,7,Random Forest,0,0,0.44
153,9,Random Forest,1,1,0.97
154,7,Random Forest,1,1,0.82
155,2,Random Forest,1,1,0.64
156,1,Random Forest,1,1,0.69
157,6,Random Forest,1,1,0.8
158,5,Random Forest,1,1,0.92
159,10,Random Forest,0,1,0.55
160,9,Random Forest,0,0,0.22
161,8,Random Forest,1,1,0.57
162,3,Random Forest,0,0,0.01
163,8,Random Forest,0,0,0.19
164,4,Random Forest,0,0,0.21
165,5,Random Forest,0,1,0.71
166,2,Random Forest,0,0,0.08
167,7,Random Forest,0,0,0.27
168,3,Random Forest,1,1,0.71
169,8,Random Forest,0,0,0.06
170,2,Random Forest,1,1,0.85
171,8,Random Forest,0,1,0.81
172,7,Random Forest,1,1,0.56
173,4,Random Forest,0,0,0.49
174,10,Random Forest,1,1,0.79
175,4,Random Forest,1,1,0.94
176,10,Random Forest,0,1,0.69
177,5,Random Forest,1,1,0.87
178,7,Random Forest,0,0,0.2
179,7,Random Forest,0,0,0.27
180,6,Random Forest,1,0,0.42
181,9,Random Forest,1,1,0.94
182,4,Random Forest,0,0,0.43
183,1,Random Forest,0,1,0.68
184,8,Random Forest,1,0,0.24
185,8,Random Forest,0,0,0.29
186,8,Random Forest,0,0,0.4
187,8,Random Forest,1,1,0.6
188,4,Random Forest,1,1,0.55
189,7,Random Forest,1,1,0.63
190,10,Random Forest,0,0,0.03
191,2,Random Forest,1,1,0.99
192,1,Random Forest,1,1,0.83
193,7,Random Forest,1,1,0.54
194,3,Random Forest,0,0,0.15
195,4,Random Forest,1,1,0.75
196,3,Random Forest,0,1,0.64
197,5,Random Forest,0,0,0.27
198,5,Random Forest,0,0,0.02
199,10,Random Forest,1,0,0.25
200,3,Random Forest,0,0,0.06
201,3,Random Forest,0,1,0.57
202,1,Random Forest,0,1,0.53
203,3,Random Forest,0,0,0.31
204,5,Random Forest,0,1,0.79
205,9,Random Forest,1,1,0.88
206,8,Random Forest,1,1,1.0
207,6,Random Forest,1,1,0.88
208,8,Random Forest,0,0,0.05
209,5,Random Forest,1,1,0.58
210,7,Random Forest,0,0,0.0
211,9,Random Forest,1,0,0.48
212,6,Random Forest,0,0,0.22
213,1,Random Forest,1,1,0.85
214,3,Random Forest,1,0,0.48
215,5,Random Forest,0,0,0.45
216,9,Random Forest,0,0,0.03
217,10,Random Forest,0,0,0.25
218,6,Random Forest,0,1,0.69
219,1,Random Forest,0,0,0.27
220,10,Random Forest,0,0,0.08
221,7,Random Forest,0,0,0.05
222,1,Random Forest,0,0,0.0
223,1,Random Forest,1,1,0.98
224,9,Random Forest,1,1,0.65
225,4,Random Forest,0,0,0.0
226,9,Random Forest,0,0,0.25
227,1,Random Forest,0,0,0.09
228,5,Random Forest,1,1,0.84
229,9,Random Forest,1,1,0.73
230,2,Random Forest,0,0,0.02
231,4,Random Forest,1,1,0.71
232,7,Random Forest,1,0,0.25
233,5,Random Forest,0,0,0.34
234,9,Random Forest,0,0,0.08
235,7,Random Forest,1,1,0.92
236,3,Random Forest,1,1,0.92
237,5,Random Forest,1,1,0.77
238,9,Random Forest,0,0,0.11
239,10,Random Forest,0,0,0.07
240,4,Random Forest,0,0,0.28
241,4,Random Forest,0,0,0.04
242,7,Random Forest,0,0,0.03
243,6,Random Forest,1,0,0.5
244,3,Random Forest,0,0,0.1
245,2,Random Forest,1,0,0.39
246,10,Random Forest,1,1,0.69
247,8,Random Forest,1,1,0.75
248,4,Random Forest,1,1,0.74
249,10,Random Forest,0,0,0.15
250,4,Random Forest,0,1,0.84
251,7,Random Forest,1,1,0.93
252,3,Random Forest,0,1,0.95
253,6,Random Forest,0,0,0.03
254,2,Random Forest,0,0,0.26
255,4,Random Forest,0,0,0.01
256,10,Random Forest,0,0,0.32
257,8,Random Forest,0,0,0.12
258,3,Random Forest,0,0,0.46
259,3,Random Forest,1,0,0.2
260,10,Random Forest,0,0,0.24
261,10,Random Forest,1,0,0.14
262,1,Random Forest,0,0,0.1
263,4,Random Forest,0,0,0.01
264,1,Random Forest,1,1,0.91
265,10,Random Forest,1,1,0.74
266,6,Random Forest,1,0,0.47
267,6,Random Forest,1,1,0.61
268,8,Random Forest,1,0,0.4
269,10,Random Forest,0,0,0.09
270,1,Random Forest,1,1,0.94
271,8,Random Forest,0,1,0.63
272,8,Random Forest,1,1,0.99
273,7,Random Forest,0,0,0.25
274,6,Random Forest,1,0,0.17
275,6,Random Forest,0,1,0.6
276,8,Random Forest,0,0,0.23
277,6,Random Forest,0,0,0.06
278,9,Random Forest,1,0,0.29
279,5,Random Forest,0,0,0.19
280,10,Random Forest,1,1,0.94
281,8,Random Forest,0,0,0.05
282,5,Random Forest,1,1,0.95
283,10,Random Forest,0,0,0.01
284,2,Random Forest,1,1,0.69
285,9,Random Forest,1,1,0.77
286,10,Random Forest,1,1,0.89
287,2,Random Forest,0,1,0.6
288,5,Random Forest,0,0,0.32
289,7,Random Forest,0,0,0.15
290,7,Random Forest,1,0,0.24
291,1,Random Forest,0,0,0.03
292,10,Random Forest,1,1,0.53
293,6,Random Forest,1,1,0.93
294,3,Random Forest,1,0,0.44
295,6,Random Forest,0,0,0.07
296,7,Random Forest,1,1,0.84
297,4,Random Forest,1,1,0.62
298,8,Random Forest,1,1,0.59
299,10,Random Forest,1,1,0.93
300,2,Random Forest,1,1,0.88
301,10,Random Forest,1,0,0.19
302,7,Random Forest,0,0,0.09
0,9,Decision Tree,0,0,0.0
1,4,Decision Tree,1,1,1.0
2,2,Decision Tree,1,1,1.0
3,7,Decision Tree,0,1,1.0
4,8,Decision Tree,0,0,0.0
5,4,Decision Tree,0,0,0.0
6,2,Decision Tree,1,1,0.6666666666666666
7,6,Decision Tree,0,0,0.3
8,4,Decision Tree,1,1,1.0
9,9,Decision Tree,1,1,1.0
10,2,Decision Tree,0,0,0.0
11,10,Decision Tree,0,0,0.0
12,1,Decision Tree,1,1,1.0
13,4,Decision Tree,0,0,0.0
14,7,Decision Tree,0,0,0.0
15,9,Decision Tree,0,0,0.038461538461538464
16,4,Decision Tree,1,0,0.0
17,2,Decision Tree,0,0,0.18181818181818182
18,6,Decision Tree,0,0,0.047619047619047616
19,1,Decision Tree,0,0,0.0
20,4,Decision Tree,0,1,1.0
21,2,Decision Tree,0,1,1.0
22,4,Decision Tree,1,1,1.0
23,6,Decision Tree,1,0,0.047619047619047616
24,5,Decision Tree,1,1,0.9545454545454546
25,2,Decision Tree,0,0,0.0
26,9,Decision Tree,0,0,0.038461538461538464
27,7,Decision Tree,0,0,0.0
28,10,Decision Tree,0,0,0.0
29,1,Decision Tree,1,1,1.0
30,1,Decision Tree,0,0,0.0
31,3,Decision Tree,1,1,0.9552238805970149
32,9,Decision Tree,1,0,0.038461538461538464
33,5,Decision Tree,0,1,0.9545454545454546
34,2,Decision Tree,0,0,0.0
35,1,Decision Tree,0,0,0.0
36,1,Decision Tree,1,1,1.0
37,5,Decision Tree,1,1,1.0
38,10,Decision Tree,1,1,0.9571428571428572
39,1,Decision Tree,0,1,1.0
40,1,Decision Tree,1,1,0.9811320754716981
41,2,Decision Tree,0,1,1.0
42,10,Decision Tree,0,0,0.0
43,6,Decision Tree,0,0,0.047619047619047616
44,1,Decision Tree,1,0,0.2727272727272727
45,1,Decision Tree,1,0,0.0
46,4,Decision Tree,0,0,0.3
47,6,Decision Tree,1,1,1.0
48,9,Decision Tree,0,0,0.038461538461538464
49,10,Decision Tree,0,0,0.5
50,9,Decision Tree,0,0,0.0
51,5,Decision Tree,0,1,0.9545454545454546
52,4,Decision Tree,1,1,1.0
53,4,Decision Tree,0,0,0.0
54,7,Decision Tree,1,1,1.0
55,9,Decision Tree,1,1,1.0
56,2,Decision Tree,1,0,0.0
57,6,Decision Tree,1,0,0.16666666666666666
58,6,Decision Tree,0,0,0.0
59,1,Decision Tree,0,0,0.0
60,5,Decision Tree,1,1,0.9545454545454546
61,6,Decision Tree,0,0,0.0
62,4,Decision Tree,1,1,1.0
63,3,Decision Tree,0,0,0.0
64,3,Decision Tree,1,1,0.9552238805970149
65,9,Decision Tree,1,1,1.0
66,5,Decision Tree,1,0,0.4444444444444444
67,3,Decision Tree,0,1,0.8333333333333334
68,8,Decision Tree,1,1,1.0
69,10,Decision Tree,1,0,0.0
70,5,Decision Tree,0,0,0.0
71,9,Decision Tree,1,1,1.0
72,5,Decision Tree,1,1,0.9545454545454546
73,1,Decision Tree,1,1,0.9811320754716981
74,8,Decision Tree,1,1,0.875
75,10,Decision Tree,0,0,0.0
76,4,Decision Tree,1,1,1.0
77,2,Decision Tree,0,0,0.0
78,9,Decision Tree,0,0,0.0
79,7,Decision Tree,1,1,1.0
80,8,Decision Tree,0,0,0.0
81,6,Decision Tree,0,0,0.0
82,9,Decision Tree,0,0,0.038461538461538464
83,5,Decision Tree,1,1,0.8333333333333334
84,3,Decision Tree,0,0,0.0
85,5,Decision Tree,0,0,0.0
86,2,Decision Tree,0,0,0.3
87,8,Decision Tree,0,0,0.0
88,4,Decision Tree,0,0,0.2727272727272727
89,6,Decision Tree,0,0,0.047619047619047616
90,1,Decision Tree,0,0,0.2727272727272727
91,9,Decision Tree,1,1,1.0
92,4,Decision Tree,0,1,1.0
93,6,Decision Tree,0,0,0.0
94,1,Decision Tree,0,0,0.0
95,8,Decision Tree,1,0,0.25
96,3,Decision Tree,1,1,0.9552238805970149
97,3,Decision Tree,1,1,0.9552238805970149
98,2,Decision Tree,0,0,0.0
99,5,Decision Tree,0,0,0.0
100,9,Decision Tree,0,0,0.0
101,3,Decision Tree,0,0,0.0
102,3,Decision Tree,0,1,0.9552238805970149
103,1,Decision Tree,0,0,0.0
104,10,Decision Tree,1,1,1.0
105,9,Decision Tree,0,1,1.0
106,3,Decision Tree,1,1,0.9552238805970149
107,2,Decision Tree,1,0,0.0
108,2,Decision Tree,1,1,1.0
109,10,Decision Tree,1,1,1.0
110,6,Decision Tree,1,1,1.0
111,8,Decision Tree,1,1,0.875
112,2,Decision Tree,0,0,0.0
113,7,Decision Tree,1,1,1.0
114,2,Decision Tree,1,0,0.0
115,9,Decision Tree,0,1,1.0
116,7,Decision Tree,0,0,0.038461538461538464
117,5,Decision Tree,0,0,0.0
118,8,Decision Tree,1,1,1.0
119,3,Decision Tree,1,1,0.9552238805970149
120,3,Decision Tree,1,1,0.9552238805970149
121,3,Decision Tree,1,1,0.9552238805970149
122,1,Decision Tree,0,1,1.0
123,8,Decision Tree,1,1,1.0
124,1,Decision Tree,1,0,0.0
125,6,Decision Tree,0,0,0.0
126,7,Decision Tree,1,1,1.0
127,5,Decision Tree,1,1,0.9545454545454546
128,7,Decision Tree,0,0,0.0
129,1,Decision Tree,0,0,0.2727272727272727
130,8,Decision Tree,0,1,0.8571428571428571
131,8,Decision Tree,0,0,0.0
132,4,Decision Tree,0,0,0.0
133,3,Decision Tree,0,0,0.26666666666666666
134,9,Decision Tree,0,0,0.038461538461538464
135,2,Decision Tree,0,0,0.0
136,5,Decision Tree,1,1,0.9545454545454546
137,6,Decision Tree,1,1,1.0
138,2,Decision Tree,1,1,1.0
139,3,Decision Tree,0,0,0.0
140,7,Decision Tree,0,0,0.0
141,7,Decision Tree,1,0,0.0
142,2,Decision Tree,0,0,0.0
143,3,Decision Tree,1,1,0.8333333333333334
144,2,Decision Tree,0,0,0.0
145,6,Decision Tree,1,0,0.047619047619047616
146,2,Decision Tree,1,1,1.0
147,8,Decision Tree,0,0,0.0
148,5,Decision Tree,0,0,0.0
149,5,Decision Tree,0,0,0.0
150,3,Decision Tree,0,1,1.0
151,6,Decision Tree,0,0,0.0
152,7,Decision Tree,0,0,0.0
153,9,Decision Tree,1,1,1.0
154,7,Decision Tree,1,1,1.0
155,2,Decision Tree,1,1,1.0
156,1,Decision Tree,1,1,1.0
157,6,Decision Tree,1,1,0.9333333333333333
158,5,Decision Tree,1,1,0.9545454545454546
159,10,Decision Tree,0,0,0.0
160,9,Decision Tree,0,0,0.0
161,8,Decision Tree,1,0,0.0
162,3,Decision Tree,0,0,0.0
163,8,Decision Tree,0,0,0.3125
164,4,Decision Tree,0,0,0.0
165,5,Decision Tree,0,1,0.9545454545454546
166,2,Decision Tree,0,0,0.0
167,7,Decision Tree,0,0,0.0
168,3,Decision Tree,1,1,1.0
169,8,Decision Tree,0,0,0.0
170,2,Decision Tree,1,1,1.0
171,8,Decision Tree,0,1,1.0
172,7,Decision Tree,1,0,0.3125
173,4,Decision Tree,0,0,0.2727272727272727
174,10,Decision Tree,1,1,0.9571428571428572
175,4,Decision Tree,1,1,1.0
176,10,Decision Tree,0,1,0.9571428571428572
177,5,Decision Tree,1,1,1.0
178,7,Decision Tree,0,0,0.038461538461538464
179,7,Decision Tree,0,0,0.038461538461538464
180,6,Decision Tree,1,0,0.16666666666666666
181,9,Decision Tree,1,1,1.0
182,4,Decision Tree,0,0,0.0
183,1,Decision Tree,0,1,1.0
184,8,Decision Tree,1,0,0.3125
185,8,Decision Tree,0,0,0.0
186,8,Decision Tree,0,0,0.42857142857142855
187,8,Decision Tree,1,1,1.0
188,4,Decision Tree,1,0,0.0
189,7,Decision Tree,1,1,1.0
190,10,Decision Tree,0,0,0.0
191,2,Decision Tree,1,1,1.0
192,1,Decision Tree,1,1,0.6
193,7,Decision Tree,1,0,0.0
194,3,Decision Tree,0,0,0.0
195,4,Decision Tree,1,1,1.0
196,3,Decision Tree,0,1,1.0
197,5,Decision Tree,0,0,0.0
198,5,Decision Tree,0,0,0.0
199,10,Decision Tree,1,0,0.0
200,3,Decision Tree,0,0,0.26666666666666666
201,3,Decision Tree,0,1,1.0
202,1,Decision Tree,0,0,0.0
203,3,Decision Tree,0,1,0.8333333333333334
204,5,Decision Tree,0,1,0.9545454545454546
205,9,Decision Tree,1,1,1.0
206,8,Decision Tree,1,1,1.0
207,6,Decision Tree,1,1,1.0
208,8,Decision Tree,0,0,0.0
209,5,Decision Tree,1,0,0.3125
210,7,Decision Tree,0,0,0.038461538461538464
211,9,Decision Tree,1,0,0.0
212,6,Decision Tree,0,0,0.0
213,1,Decision Tree,1,1,0.9811320754716981
214,3,Decision Tree,1,1,0.9552238805970149
215,5,Decision Tree,0,0,0.0
216,9,Decision Tree,0,0,0.0
217,10,Decision Tree,0,0,0.0
218,6,Decision Tree,0,1,1.0
219,1,Decision Tree,0,0,0.2727272727272727
220,10,Decision Tree,0,0,0.0
221,7,Decision Tree,0,0,0.038461538461538464
222,1,Decision Tree,0,0,0.0
223,1,Decision Tree,1,1,0.9811320754716981
224,9,Decision Tree,1,0,0.0
225,4,Decision Tree,0,0,0.0
226,9,Decision Tree,0,0,0.0
227,1,Decision Tree,0,0,0.0
228,5,Decision Tree,1,1,1.0
229,9,Decision Tree,1,1,1.0
230,2,Decision Tree,0,0,0.0
231,4,Decision Tree,1,1,0.6666666666666666
232,7,Decision Tree,1,0,0.038461538461538464
233,5,Decision Tree,0,0,0.0
234,9,Decision Tree,0,0,0.038461538461538464
235,7,Decision Tree,1,1,1.0
236,3,Decision Tree,1,1,1.0
237,5,Decision Tree,1,1,0.9545454545454546
238,9,Decision Tree,0,0,0.0
239,10,Decision Tree,0,0,0.0
240,4,Decision Tree,0,0,0.0
241,4,Decision Tree,0,0,0.0
242,7,Decision Tree,0,0,0.0
243,6,Decision Tree,1,0,0.0
244,3,Decision Tree,0,0,0.0
245,2,Decision Tree,1,0,0.18181818181818182
246,10,Decision Tree,1,1,0.9571428571428572
247,8,Decision Tree,1,1,0.875
248,4,Decision Tree,1,1,1.0
249,10,Decision Tree,0,0,0.0
250,4,Decision Tree,0,1,1.0
251,7,Decision Tree,1,1,1.0
252,3,Decision Tree,0,1,0.9552238805970149
253,6,Decision Tree,0,0,0.047619047619047616
254,2,Decision Tree,0,0,0.0
255,4,Decision Tree,0,0,0.0
256,10,Decision Tree,0,1,0.9571428571428572
257,8,Decision Tree,0,0,0.0
258,3,Decision Tree,0,0,0.0
259,3,Decision Tree,1,1,1.0
260,10,Decision Tree,0,0,0.0
261,10,Decision Tree,1,1,1.0
262,1,Decision Tree,0,1,1.0
263,4,Decision Tree,0,0,0.0
264,1,Decision Tree,1,1,0.9811320754716981
265,10,Decision Tree,1,0,0.0
266,6,Decision Tree,1,0,0.0
267,6,Decision Tree,1,1,1.0
268,8,Decision Tree,1,1,1.0
269,10,Decision Tree,0,0,0.5
270,1,Decision Tree,1,1,0.9811320754716981
271,8,Decision Tree,0,0,0.0
272,8,Decision Tree,1,1,1.0
273,7,Decision Tree,0,0,0.3125
274,6,Decision Tree,1,0,0.0
275,6,Decision Tree,0,0,0.0
276,8,Decision Tree,0,0,0.0
277,6,Decision Tree,0,0,0.0
278,9,Decision Tree,1,1,1.0
279,5,Decision Tree,0,0,0.3125
280,10,Decision Tree,1,1,0.9571428571428572
281,8,Decision Tree,0,0,0.0
282,5,Decision Tree,1,1,0.9545454545454546
283,10,Decision Tree,0,0,0.0
284,2,Decision Tree,1,0,0.25
285,9,Decision Tree,1,1,1.0
286,10,Decision Tree,1,1,0.9571428571428572
287,2,Decision Tree,0,1,1.0
288,5,Decision Tree,0,1,1.0
289,7,Decision Tree,0,0,0.0
290,7,Decision Tree,1,1,0.8333333333333334
291,1,Decision Tree,0,0,0.0
292,10,Decision Tree,1,0,0.0
293,6,Decision Tree,1,1,1.0
294,3,Decision Tree,1,0,0.26666666666666666
295,6,Decision Tree,0,0,0.0
296,7,Decision Tree,1,1,1.0
297,4,Decision Tree,1,0,0.0
298,8,Decision Tree,1,0,0.0
299,10,Decision Tree,1,1,0.9571428571428572
300,2,Decision Tree,1,1,1.0
301,10,Decision Tree,1,1,1.0
302,7,Decision Tree,0,0,0.038461538461538464
0,9,k-NN (k=5),0,0,0.4
1,4,k-NN (k=5),1,1,1.0
2,2,k-NN (k=5),1,1,1.0
3,7,k-NN (k=5),0,0,0.4
4,8,k-NN (k=5),0,0,0.0
5,4,k-NN (k=5),0,0,0.0
6,2,k-NN (k=5),1,1,0.6
7,6,k-NN (k=5),0,0,0.4
8,4,k-NN (k=5),1,1,1.0
9,9,k-NN (k=5),1,1,0.8
10,2,k-NN (k=5),0,0,0.4
11,10,k-NN (k=5),0,0,0.2
12,1,k-NN (k=5),1,1,1.0
13,4,k-NN (k=5),0,0,0.2
14,7,k-NN (k=5),0,0,0.0
15,9,k-NN (k=5),0,0,0.0
16,4,k-NN (k=5),1,0,0.2
17,2,k-NN (k=5),0,0,0.2
18,6,k-NN (k=5),0,0,0.0
19,1,k-NN (k=5),0,0,0.0
20,4,k-NN (k=5),0,0,0.4
21,2,k-NN (k=5),0,0,0.4
22,4,k-NN (k=5),1,0,0.0
23,6,k-NN (k=5),1,1,0.6
24,5,k-NN (k=5),1,1,1.0
25,2,k-NN (k=5),0,0,0.0
26,9,k-NN (k=5),0,0,0.0
27,7,k-NN (k=5),0,0,0.4
28,10,k-NN (k=5),0,0,0.4
29,1,k-NN (k=5),1,1,1.0
30,1,k-NN (k=5),0,0,0.4
31,3,k-NN (k=5),1,1,0.8
32,9,k-NN (k=5),1,0,0.2
33,5,k-NN (k=5),0,1,1.0
34,2,k-NN (k=5),0,0,0.0
35,1,k-NN (k=5),0,0,0.4
36,1,k-NN (k=5),1,1,1.0
37,5,k-NN (k=5),1,0,0.4
38,10,k-NN (k=5),1,1,0.8
39,1,k-NN (k=5),0,1,0.6
40,1,k-NN (k=5),1,1,1.0
41,2,k-NN (k=5),0,1,0.6
42,10,k-NN (k=5),0,0,0.0
43,6,k-NN (k=5),0,0,0.0
44,1,k-NN (k=5),1,0,0.2
45,1,k-NN (k=5),1,1,0.8
46,4,k-NN (k=5),0,0,0.2
47,6,k-NN (k=5),1,1,1.0
48,9,k-NN (k=5),0,0,0.2
49,10,k-NN (k=5),0,0,0.2
50,9,k-NN (k=5),0,0,0.0
51,5,k-NN (k=5),0,1,0.8
52,4,k-NN (k=5),1,0,0.4
53,4,k-NN (k=5),0,0,0.2
54,7,k-NN (k=5),1,1,0.8
55,9,k-NN (k=5),1,1,1.0
56,2,k-NN (k=5),1,0,0.4
57,6,k-NN (k=5),1,0,0.4
58,6,k-NN (k=5),0,0,0.0
59,1,k-NN (k=5),0,0,0.4
60,5,k-NN (k=5),1,1,1.0
61,6,k-NN (k=5),0,0,0.2
62,4,k-NN (k=5),1,1,1.0
63,3,k-NN (k=5),0,0,0.0
64,3,k-NN (k=5),1,1,0.8
65,9,k-NN (k=5),1,1,1.0
66,5,k-NN (k=5),1,1,0.8
67,3,k-NN (k=5),0,1,0.6
68,8,k-NN (k=5),1,1,1.0
69,10,k-NN (k=5),1,0,0.2
70,5,k-NN (k=5),0,0,0.0
71,9,k-NN (k=5),1,1,0.8
72,5,k-NN (k=5),1,1,0.8
73,1,k-NN (k=5),1,1,0.6
74,8,k-NN (k=5),1,0,0.4
75,10,k-NN (k=5),0,0,0.2
76,4,k-NN (k=5),1,1,1.0
77,2,k-NN (k=5),0,0,0.0
78,9,k-NN (k=5),0,0,0.4
79,7,k-NN (k=5),1,1,0.8
80,8,k-NN (k=5),0,1,1.0
81,6,k-NN (k=5),0,0,0.0
82,9,k-NN (k=5),0,0,0.0
83,5,k-NN (k=5),1,1,0.8
84,3,k-NN (k=5),0,0,0.0
85,5,k-NN (k=5),0,0,0.0
86,2,k-NN (k=5),0,0,0.0
87,8,k-NN (k=5),0,0,0.0
88,4,k-NN (k=5),0,0,0.4
89,6,k-NN (k=5),0,0,0.0
90,1,k-NN (k=5),0,1,0.6
91,9,k-NN (k=5),1,1,1.0
92,4,k-NN (k=5),0,1,0.8
93,6,k-NN (k=5),0,0,0.0
94,1,k-NN (k=5),0,0,0.0
95,8,k-NN (k=5),1,1,0.8
96,3,k-NN (k=5),1,1,1.0
97,3,k-NN (k=5),1,1,1.0
98,2,k-NN (k=5),0,0,0.0
99,5,k-NN (k=5),0,0,0.4
100,9,k-NN (k=5),0,0,0.4
101,3,k-NN (k=5),0,1,0.6
102,3,k-NN (k=5),0,0,0.4
103,1,k-NN (k=5),0,0,0.2
104,10,k-NN (k=5),1,1,0.8
105,9,k-NN (k=5),0,0,0.2
106,3,k-NN (k=5),1,1,0.8
107,2,k-NN (k=5),1,1,0.8
108,2,k-NN (k=5),1,1,1.0
109,10,k-NN (k=5),1,1,0.6
110,6,k-NN (k=5),1,1,0.8
111,8,k-NN (k=5),1,1,0.8
112,2,k-NN (k=5),0,0,0.4
113,7,k-NN (k=5),1,1,1.0
114,2,k-NN (k=5),1,0,0.0
115,9,k-NN (k=5),0,0,0.4
116,7,k-NN (k=5),0,0,0.0
117,5,k-NN (k=5),0,0,0.0
118,8,k-NN (k=5),1,1,1.0
119,3,k-NN (k=5),1,1,1.0
120,3,k-NN (k=5),1,1,0.8
121,3,k-NN (k=5),1,1,0.8
122,1,k-NN (k=5),0,0,0.4
123,8,k-NN (k=5),1,1,1.0
124,1,k-NN (k=5),1,0,0.2
125,6,k-NN (k=5),0,0,0.2
126,7,k-NN (k=5),1,1,1.0
127,5,k-NN (k=5),1,1,1.0
128,7,k-NN (k=5),0,0,0.0
129,1,k-NN (k=5),0,0,0.0
130,8,k-NN (k=5),0,1,0.8
131,8,k-NN (k=5),0,0,0.4
132,4,k-NN (k=5),0,0,0.0
133,3,k-NN (k=5),0,0,0.4
134,9,k-NN (k=5),0,0,0.0
135,2,k-NN (k=5),0,0,0.4
136,5,k-NN (k=5),1,1,1.0
137,6,k-NN (k=5),1,1,0.8
138,2,k-NN (k=5),1,1,1.0
139,3,k-NN (k=5),0,0,0.2
140,7,k-NN (k=5),0,0,0.0
141,7,k-NN (k=5),1,1,0.6
142,2,k-NN (k=5),0,0,0.0
143,3,k-NN (k=5),1,1,0.8
144,2,k-NN (k=5),0,1,0.8
145,6,k-NN (k=5),1,0,0.0
146,2,k-NN (k=5),1,1,1.0
147,8,k-NN (k=5),0,0,0.2
148,5,k-NN (k=5),0,0,0.2
149,5,k-NN (k=5),0,0,0.0
150,3,k-NN (k=5),0,1,0.8
151,6,k-NN (k=5),0,0,0.0
152,7,k-NN (k=5),0,0,0.4
153,9,k-NN (k=5),1,1,1.0
154,7,k-NN (k=5),1,1,0.8
155,2,k-NN (k=5),1,1,0.8
156,1,k-NN (k=5),1,1,0.8
157,6,k-NN (k=5),1,1,1.0
158,5,k-NN (k=5),1,1,1.0
159,10,k-NN (k=5),0,0,0.4
160,9,k-NN (k=5),0,0,0.2
161,8,k-NN (k=5),1,1,0.8
162,3,k-NN (k=5),0,0,0.0
163,8,k-NN (k=5),0,0,0.0
164,4,k-NN (k=5),0,0,0.0
165,5,k-NN (k=5),0,1,1.0
166,2,k-NN (k=5),0,0,0.0
167,7,k-NN (k=5),0,0,0.2
168,3,k-NN (k=5),1,1,0.8
169,8,k-NN (k=5),0,0,0.0
170,2,k-NN (k=5),1,1,0.8
171,8,k-NN (k=5),0,1,1.0
172,7,k-NN (k=5),1,1,0.6
173,4,k-NN (k=5),0,0,0.4
174,10,k-NN (k=5),1,1,0.6
175,4,k-NN (k=5),1,1,0.8
176,10,k-NN (k=5),0,1,0.8
177,5,k-NN (k=5),1,0,0.4
178,7,k-NN (k=5),0,0,0.2
179,7,k-NN (k=5),0,0,0.2
180,6,k-NN (k=5),1,1,0.6
181,9,k-NN (k=5),1,1,1.0
182,4,k-NN (k=5),0,0,0.4
183,1,k-NN (k=5),0,0,0.4
184,8,k-NN (k=5),1,0,0.2
185,8,k-NN (k=5),0,0,0.0
186,8,k-NN (k=5),0,0,0.2
187,8,k-NN (k=5),1,1,0.6
188,4,k-NN (k=5),1,0,0.2
189,7,k-NN (k=5),1,1,0.8
190,10,k-NN (k=5),0,0,0.2
191,2,k-NN (k=5),1,1,1.0
192,1,k-NN (k=5),1,1,1.0
193,7,k-NN (k=5),1,1,0.8
194,3,k-NN (k=5),0,0,0.0
195,4,k-NN (k=5),1,1,1.0
196,3,k-NN (k=5),0,1,0.6
197,5,k-NN (k=5),0,1,0.6
198,5,k-NN (k=5),0,0,0.0
199,10,k-NN (k=5),1,0,0.4
200,3,k-NN (k=5),0,0,0.4
201,3,k-NN (k=5),0,1,0.6
202,1,k-NN (k=5),0,0,0.0
203,3,k-NN (k=5),0,0,0.0
204,5,k-NN (k=5),0,1,0.8
205,9,k-NN (k=5),1,1,1.0
206,8,k-NN (k=5),1,1,1.0
207,6,k-NN (k=5),1,1,1.0
208,8,k-NN (k=5),0,0,0.0
209,5,k-NN (k=5),1,1,0.8
210,7,k-NN (k=5),0,0,0.0
211,9,k-NN (k=5),1,1,0.6
212,6,k-NN (k=5),0,0,0.4
213,1,k-NN (k=5),1,1,1.0
214,3,k-NN (k=5),1,0,0.2
215,5,k-NN (k=5),0,1,0.6
216,9,k-NN (k=5),0,0,0.0
217,10,k-NN (k=5),0,1,0.6
218,6,k-NN (k=5),0,0,0.4
219,1,k-NN (k=5),0,0,0.4
220,10,k-NN (k=5),0,0,0.0
221,7,k-NN (k=5),0,0,0.0
222,1,k-NN (k=5),0,0,0.0
223,1,k-NN (k=5),1,1,0.8
224,9,k-NN (k=5),1,1,0.6
225,4,k-NN (k=5),0,0,0.0
226,9,k-NN (k=5),0,0,0.2
227,1,k-NN (k=5),0,0,0.0
228,5,k-NN (k=5),1,1,0.8
229,9,k-NN (k=5),1,1,0.8
230,2,k-NN (k=5),0,0,0.0
231,4,k-NN (k=5),1,1,0.8
232,7,k-NN (k=5),1,0,0.2
233,5,k-NN (k=5),0,0,0.2
234,9,k-NN (k=5),0,0,0.0
235,7,k-NN (k=5),1,1,1.0
236,3,k-NN (k=5),1,1,1.0
237,5,k-NN (k=5),1,1,1.0
238,9,k-NN (k=5),0,0,0.0
239,10,k-NN (k=5),0,0,0.0
240,4,k-NN (k=5),0,0,0.0
241,4,k-NN (k=5),0,0,0.0
242,7,k-NN (k=5),0,0,0.0
243,6,k-NN (k=5),1,0,0.2
244,3,k-NN (k=5),0,0,0.0
245,2,k-NN (k=5),1,0,0.4
246,10,k-NN (k=5),1,1,0.6
247,8,k-NN (k=5),1,1,1.0
248,4,k-NN (k=5),1,1,0.6
249,10,k-NN (k=5),0,0,0.2
250,4,k-NN (k=5),0,1,0.8
251,7,k-NN (k=5),1,1,0.8
252,3,k-NN (k=5),0,1,1.0
253,6,k-NN (k=5),0,0,0.0
254,2,k-NN (k=5),0,0,0.4
255,4,k-NN (k=5),0,0,0.0
256,10,k-NN (k=5),0,0,0.2
257,8,k-NN (k=5),0,1,0.6
258,3,k-NN (k=5),0,0,0.2
259,3,k-NN (k=5),1,0,0.0
260,10,k-NN (k=5),0,0,0.0
261,10,k-NN (k=5),1,0,0.0
262,1,k-NN (k=5),0,0,0.4
263,4,k-NN (k=5),0,0,0.2
264,1,k-NN (k=5),1,1,0.8
265,10,k-NN (k=5),1,0,0.4
266,6,k-NN (k=5),1,1,0.8
267,6,k-NN (k=5),1,0,0.4
268,8,k-NN (k=5),1,0,0.4
269,10,k-NN (k=5),0,0,0.2
270,1,k-NN (k=5),1,1,0.8
271,8,k-NN (k=5),0,1,0.8
272,8,k-NN (k=5),1,1,1.0
273,7,k-NN (k=5),0,0,0.2
274,6,k-NN (k=5),1,0,0.2
275,6,k-NN (k=5),0,1,0.8
276,8,k-NN (k=5),0,0,0.0
277,6,k-NN (k=5),0,0,0.0
278,9,k-NN (k=5),1,0,0.0
279,5,k-NN (k=5),0,0,0.2
280,10,k-NN (k=5),1,1,1.0
281,8,k-NN (k=5),0,0,0.2
282,5,k-NN (k=5),1,1,0.8
283,10,k-NN (k=5),0,0,0.0
284,2,k-NN (k=5),1,1,0.6
285,9,k-NN (k=5),1,1,0.8
286,10,k-NN (k=5),1,1,1.0
287,2,k-NN (k=5),0,0,0.4
288,5,k-NN (k=5),0,0,0.4
289,7,k-NN (k=5),0,0,0.2
290,7,k-NN (k=5),1,1,0.6
291,1,k-NN (k=5),0,0,0.0
292,10,k-NN (k=5),1,1,0.6
293,6,k-NN (k=5),1,1,1.0
294,3,k-NN (k=5),1,1,0.8
295,6,k-NN (k=5),0,0,0.0
296,7,k-NN (k=5),1,1,1.0
297,4,k-NN (k=5),1,1,0.8
298,8,k-NN (k=5),1,1,0.8
299,10,k-NN (k=5),1,1,1.0
300,2,k-NN (k=5),1,1,0.8
301,10,k-NN (k=5),1,0,0.0
302,7,k-NN (k=5),0,0,0.0
