timestamp,tenperatura,bibrazioa
2026-10-01 00:00:00+00:00,21.045707561963166,0.21959002612560238
2026-10-01 00:01:00+00:00,20.85400238406393,0.20329073752045784
2026-10-01 00:02:00+00:00,21.13256767937097,0.19383609153749395
2026-10-01 00:03:00+00:00,21.171084707458682,0.21659433065089834
2026-10-01 00:04:00+00:00,20.747344721701925,0.20643134657692422
2026-10-01 00:05:00+00:00,20.854673073970652,0.2230363398799399
2026-10-01 00:06:00+00:00,21.079176060475092,0.2027485165583286
2026-10-01 00:07:00+00:00,21.022563611148463,0.1816329645241925
2026-10-01 00:08:00+00:00,21.077479826374354,0.17947761201131504
2026-10-01 00:09:00+00:00,20.962043410863963,0.22476391898346876
2026-10-01 00:10:00+00:00,21.231909696229426,0.22585498581174945
2026-10-01 00:11:00+00:00,21.226668790314342,0.197307211800761
2026-10-01 00:12:00+00:00,21.129904604634184,0.1942521901829602
2026-10-01 00:13:00+00:00,21.299086181045205,0.22192166438363303
2026-10-01 00:14:00+00:00,21.210126401337806,0.1833943147693477
2026-10-01 00:15:00+00:00,21.021106130567514,0.1865790947156626
2026-10-01 00:16:00+00:00,21.215312617612376,0.20964990192033567
2026-10-01 00:17:00+00:00,21.026167609875653,0.19408092315710618
2026-10-01 00:18:00+00:00,21.31176754519609,0.19992317199919893
2026-10-01 00:19:00+00:00,21.182511113352064,0.19754835652213232
2026-10-01 00:20:00+00:00,,0.20506361823198402
2026-10-01 00:21:00+00:00,,0.22111222791970575
2026-10-01 00:22:00+00:00,21.403381200801103,0.2013587736035262
2026-10-01 00:23:00+00:00,21.20682057768968,0.2096590818991529
2026-10-01 00:24:00+00:00,21.175750826675532,0.16924741848453467
2026-10-01 00:25:00+00:00,21.197179967426766,0.19926922397104824
2026-10-01 00:26:00+00:00,21.339846377833005,0.18735154594560693
2026-10-01 00:27:00+00:00,21.32481660965461,0.1817178040936456
2026-10-01 00:28:00+00:00,21.341909891739398,0.18682771449606875
2026-10-01 00:29:00+00:00,21.354623150451182,0.19498814838948783
2026-10-01 00:30:00+00:00,21.62124714013057,0.21373853813534022
2026-10-01 00:31:00+00:00,21.249037747542307,0.18010410923390655
2026-10-01 00:32:00+00:00,21.24316359063927,0.20045947238891626
2026-10-01 00:33:00+00:00,21.207934090762816,0.19273745849999632
2026-10-01 00:34:00+00:00,21.432396913386324,0.1950849035845706
2026-10-01 00:35:00+00:00,21.519345843908134,0.21504136737956908
2026-10-01 00:36:00+00:00,21.342907881351767,0.2080717315550589
2026-10-01 00:37:00+00:00,21.243976528455622,0.22006097161164118
2026-10-01 00:38:00+00:00,21.256327817646312,0.1976824148112515
2026-10-01 00:39:00+00:00,21.487588918173707,0.18956086082493948
2026-10-01 00:40:00+00:00,21.511488125680515,0.19664211774679252
2026-10-01 00:41:00+00:00,21.49147314024578,0.20363745186906834
2026-10-01 00:42:00+00:00,21.320173543906698,0.20264860037680568
2026-10-01 00:43:00+00:00,21.464824198460008,0.1837341789164995
2026-10-01 00:44:00+00:00,21.457502871371112,0.20135734672441813
2026-10-01 00:45:00+00:00,21.482803289509352,0.2034234249520836
2026-10-01 00:46:00+00:00,21.590714316692228,0.23776211056300883
2026-10-01 00:47:00+00:00,21.5035393323162,0.22815266916922505
2026-10-01 00:48:00+00:00,21.581837034460786,0.1872013497416177
2026-10-01 00:49:00+00:00,21.500136860423332,0.19568924957676237
2026-10-01 00:50:00+00:00,21.543367909803496,0.17804836997244497
2026-10-01 00:51:00+00:00,21.604693233875782,0.1911393947905477
2026-10-01 00:52:00+00:00,21.301426627021648,0.20473407505385513
2026-10-01 00:53:00+00:00,21.482049317546405,0.2180878043133235
2026-10-01 00:54:00+00:00,21.46944410185608,0.18906374243384588
2026-10-01 00:55:00+00:00,21.4541683227635,0.19018780339898306
2026-10-01 00:56:00+00:00,21.518728662315997,0.1677906645539202
2026-10-01 00:57:00+00:00,21.79424119668516,0.1975600111918264
2026-10-01 00:58:00+00:00,21.45012533264601,0.18406378382210656
2026-10-01 00:59:00+00:00,21.73524175318872,0.1920584085895089
2026-10-01 01:00:00+00:00,21.34756953425763,0.1868470883274862
2026-10-01 01:01:00+00:00,21.559767245502133,0.19858606168621165
2026-10-01 01:02:00+00:00,21.644412959765752,0.17363407412965054
2026-10-01 01:03:00+00:00,21.71793334970389,0.17799432131913515
2026-10-01 01:04:00+00:00,21.74668398696893,0.2319387066804245
2026-10-01 01:05:00+00:00,21.769002085279986,0.18068866128088956
2026-10-01 01:06:00+00:00,21.607691239162733,0.1835482163231804
2026-10-01 01:07:00+00:00,21.600647231100318,0.22755370292481972
2026-10-01 01:08:00+00:00,21.80869638218857,0.24357600753860612
2026-10-01 01:09:00+00:00,21.66130435126776,0.1824265005676199
2026-10-01 01:10:00+00:00,21.50864705149931,0.19447626564817955
2026-10-01 01:11:00+00:00,21.54000691789948,0.20512333326410764
2026-10-01 01:12:00+00:00,21.58208215709976,0.2259304646660839
2026-10-01 01:13:00+00:00,21.804574111608066,0.18519714382357644
2026-10-01 01:14:00+00:00,21.761363860410583,0.19632083231086836
2026-10-01 01:15:00+00:00,21.853572803110165,0.21166006364092618
2026-10-01 01:16:00+00:00,21.695912103049523,0.2065214911169993
2026-10-01 01:17:00+00:00,21.793780953661507,0.19435765893154852
2026-10-01 01:18:00+00:00,21.873838559095102,0.1979926555322594
2026-10-01 01:19:00+00:00,21.743598019041965,0.17937656287445028
2026-10-01 01:20:00+00:00,21.868516285633614,0.19642739384038002
2026-10-01 01:21:00+00:00,21.71071110884,0.19600418764986569
2026-10-01 01:22:00+00:00,21.76554192301524,0.20348254834439386
2026-10-01 01:23:00+00:00,21.77273931590025,0.19167009171771476
2026-10-01 01:24:00+00:00,21.660624053161644,0.2070730778381771
2026-10-01 01:25:00+00:00,21.92304587211784,0.21519073726729743
2026-10-01 01:26:00+00:00,21.789589648969592,0.202331439915027
2026-10-01 01:27:00+00:00,21.871874117809153,0.20527634612598805
2026-10-01 01:28:00+00:00,21.952111998835885,0.20079733021366802
2026-10-01 01:29:00+00:00,21.956979676404494,0.2000012658963712
2026-10-01 01:30:00+00:00,,0.1891766294968573
2026-10-01 01:31:00+00:00,21.895227177323587,0.20474741392509963
2026-10-01 01:32:00+00:00,21.85650525319338,0.19854070102379767
2026-10-01 01:33:00+00:00,21.91804226836404,0.23139752463395893
2026-10-01 01:34:00+00:00,21.686899834906296,0.22360032353712864
2026-10-01 01:35:00+00:00,21.732933129136537,0.20578769828834753
2026-10-01 01:36:00+00:00,21.761595058146842,0.1885541418545785
2026-10-01 01:37:00+00:00,21.820412975859778,0.18331382792024875
2026-10-01 01:38:00+00:00,22.039966134008516,0.217867144296333
2026-10-01 01:39:00+00:00,21.85417814169599,0.2039412383772071
2026-10-01 01:40:00+00:00,21.94327561689409,0.20720215105087417
2026-10-01 01:41:00+00:00,22.204884244667912,0.1738312101953871
2026-10-01 01:42:00+00:00,21.966560404340786,0.21391157722337273
2026-10-01 01:43:00+00:00,22.140627335270064,0.20681630507321547
2026-10-01 01:44:00+00:00,21.899957347998516,0.18334353973378284
2026-10-01 01:45:00+00:00,22.019184366319855,0.19292712788825078
2026-10-01 01:46:00+00:00,21.91749669176341,0.2039557580653478
2026-10-01 01:47:00+00:00,22.019145038614916,0.20078700197534366
2026-10-01 01:48:00+00:00,22.206046220618607,0.1956174322129467
2026-10-01 01:49:00+00:00,21.830901936521148,0.19844767597901058
2026-10-01 01:50:00+00:00,22.16516354653188,0.19622033932689673
2026-10-01 01:51:00+00:00,22.145660340349842,0.20228843768153704
2026-10-01 01:52:00+00:00,22.03087750664548,0.22207237959489737
2026-10-01 01:53:00+00:00,21.91309132184173,0.16150012338603054
2026-10-01 01:54:00+00:00,22.15081942615708,0.19644724603235475
2026-10-01 01:55:00+00:00,22.07057609364043,0.20264768632058672
2026-10-01 01:56:00+00:00,22.194901431703205,0.2044399098453065
2026-10-01 01:57:00+00:00,22.173277821828517,0.19442128128018066
2026-10-01 01:58:00+00:00,22.420266833698136,0.17364917326282128
2026-10-01 01:59:00+00:00,22.154096655879048,0.20491993225571165
2026-10-01 02:00:00+00:00,22.04647537610672,0.22591025321246277
2026-10-01 02:01:00+00:00,22.23689134524345,0.17699207892625796
2026-10-01 02:02:00+00:00,22.252999502595763,0.21295742020547284
2026-10-01 02:03:00+00:00,22.433878136286065,0.1950721216531566
2026-10-01 02:04:00+00:00,22.365266686887185,0.1990801348125673
2026-10-01 02:05:00+00:00,22.303530658872425,0.18420652233944076
2026-10-01 02:06:00+00:00,22.479495433682935,0.19498315741466185
2026-10-01 02:07:00+00:00,22.09168554185157,0.2195006689204844
2026-10-01 02:08:00+00:00,22.18403727008754,0.2087398286298156
2026-10-01 02:09:00+00:00,22.15101360878917,0.22598467408114917
2026-10-01 02:10:00+00:00,22.241528529526637,0.21766117833466542
2026-10-01 02:11:00+00:00,22.103497077866553,0.20658630018394367
2026-10-01 02:12:00+00:00,22.41527264202216,0.22615901789251688
2026-10-01 02:13:00+00:00,22.296666595435184,0.2065848973810745
2026-10-01 02:14:00+00:00,22.119379055824602,0.2124198226519559
2026-10-01 02:15:00+00:00,22.19766313781887,0.1955514356969794
2026-10-01 02:16:00+00:00,22.40702707711753,0.2009981872378881
2026-10-01 02:17:00+00:00,22.49571898518416,0.18953864265049586
2026-10-01 02:18:00+00:00,22.679509633753767,0.2148437590189228
2026-10-01 02:19:00+00:00,22.8270793699011,0.18232544565327702
2026-10-01 02:20:00+00:00,22.4621614149914,0.21173525513626493
2026-10-01 02:21:00+00:00,22.26156928199522,0.19714023413742263
2026-10-01 02:22:00+00:00,22.100193057890305,0.21756870640200981
2026-10-01 02:23:00+00:00,22.470156719351575,0.21126303483096892
2026-10-01 02:24:00+00:00,22.318058835703454,0.22730969236470203
2026-10-01 02:25:00+00:00,22.387696410973046,0.2109616203670797
2026-10-01 02:26:00+00:00,22.36818548014103,0.17641939616520141
2026-10-01 02:27:00+00:00,22.44888136703754,0.198995702406527
2026-10-01 02:28:00+00:00,22.639897034618148,0.18241989211107779
2026-10-01 02:29:00+00:00,22.5135572851168,0.1922258023645059
2026-10-01 02:30:00+00:00,22.476204774444195,0.22266842649915083
2026-10-01 02:31:00+00:00,22.35465193707613,0.20956300716346546
2026-10-01 02:32:00+00:00,22.268797558294345,0.18951604357131882
2026-10-01 02:33:00+00:00,22.457053813639,0.18479423950339402
2026-10-01 02:34:00+00:00,22.53193261737725,0.2004917313931439
2026-10-01 02:35:00+00:00,22.81518948703698,0.1817515977592831
2026-10-01 02:36:00+00:00,22.579541178220932,0.1899328958390513
2026-10-01 02:37:00+00:00,22.717410926653457,0.20468014207326868
2026-10-01 02:38:00+00:00,22.505105660219126,0.21732968054160046
2026-10-01 02:39:00+00:00,22.412258435037447,0.2091314220833666
2026-10-01 02:40:00+00:00,22.455232485665146,0.1656306573710285
2026-10-01 02:41:00+00:00,22.501216090319637,0.20456550093545392
2026-10-01 02:42:00+00:00,22.939270459865277,0.20108050359848867
2026-10-01 02:43:00+00:00,22.50679199811634,0.2062083542805904
2026-10-01 02:44:00+00:00,22.765773380560454,0.22424314522476813
2026-10-01 02:45:00+00:00,22.514560923286943,0.16905142584792887
2026-10-01 02:46:00+00:00,22.799735951931137,0.19113344862213344
2026-10-01 02:47:00+00:00,22.72774264491588,0.20886359484190034
2026-10-01 02:48:00+00:00,22.656504315351285,0.1762760840081909
2026-10-01 02:49:00+00:00,22.683885621079686,0.22213923572080263
2026-10-01 02:50:00+00:00,22.60178184568559,0.20552534919050988
2026-10-01 02:51:00+00:00,22.776910830222313,0.21269875978765107
2026-10-01 02:52:00+00:00,22.651752477948882,0.1914358450771731
2026-10-01 02:53:00+00:00,22.546159135434912,0.21220645534949317
2026-10-01 02:54:00+00:00,22.548309363852056,0.2160270733398356
2026-10-01 02:55:00+00:00,22.775888187658317,0.20349317030205755
2026-10-01 02:56:00+00:00,22.996863688461566,0.20351601339048045
2026-10-01 02:57:00+00:00,22.793998742036017,0.2040551485892259
2026-10-01 02:58:00+00:00,22.762204251083517,0.1870498210289093
2026-10-01 02:59:00+00:00,22.83287392094038,0.1977870697963947
