id,X1,X2,y,split
0,0.08355719551685993,0.3732699882392323,1,test
1,0.7655545476565656,-0.5869916551076342,1,test
2,0.7463995982613488,0.2951425622301831,0,train
3,-0.1897051607384848,0.8883623164487595,0,test
4,1.2254231316466364,0.10309984982698826,0,train
5,-0.42708849289510226,0.5862021140291249,0,test
6,-0.1581761351378611,-0.15658768770711323,1,test
7,-1.1760540620785453,0.05062681518981976,0,train
8,1.1877461837904564,-0.10468648696030541,1,train
9,0.5517815948609641,-0.825669082333371,1,train
10,-0.06148320588502293,0.662658312037217,0,train
11,-0.19121898851709426,1.1065088204671192,0,train
12,-0.08574414100548666,0.8476017215821194,0,train
13,1.024916336724308,-0.5900211436071884,1,train
14,0.4436775702674375,0.11643691269030904,1,train
15,-0.9045560945034207,0.610483674604275,0,test
16,0.23420944357996604,-0.10679167564477654,1,train
17,-0.388762287233208,1.092505950858752,0,train
18,0.3463131342279884,1.0560036691760766,0,train
19,-0.47587754784333086,0.9992153889003554,0,train
20,0.2536178401611997,-0.15466003500587425,1,train
21,0.8322059757138246,-0.5082280184219496,1,train
22,0.24528814060742485,-0.2892069661351093,1,train
23,-0.5724755672685979,0.2894969138833457,0,train
24,0.5137907172313648,0.610612357969617,0,test
25,0.4701421758899891,-0.5405965076724131,1,test
26,1.825943417202664,0.11345898791519408,1,train
27,0.7694502912301321,0.7897760327532799,0,test
28,0.0578190034730757,0.9467485802790809,0,train
29,0.16112845107021823,0.5548944425810302,1,train
30,-0.08447652495601686,1.4192472132871783,0,train
31,0.7347379192038659,0.14900509488600802,0,test
32,-0.062198298048703554,0.1632302461666804,1,train
33,-0.8454189853443742,0.1714838641170391,0,train
34,1.8244826201447832,-0.3272890993411622,1,train
35,-0.06277711439549388,1.0301857409192938,0,train
36,0.04995490372271772,0.3554102323106321,1,train
37,2.1956406709671357,-0.04667595863677167,1,train
38,0.7859852238714456,-0.4082138403419326,1,test
39,0.16913997680335854,1.1129578450264894,0,test
40,1.1552537814482668,0.5358390725465401,0,test
41,0.2550821048549037,-0.16641184349549595,1,train
42,1.880894302143895,0.12758754089752194,1,train
43,1.8414429614028656,0.051101324071288534,1,train
44,0.4674484883922067,0.5978425076807419,0,train
45,0.8783354563879614,-0.21958347843899942,0,train
46,1.4183288847020696,-0.5136890249730849,1,train
47,0.48793585221829,-0.40645512855215915,1,train
48,1.0784958227909849,-0.6804996556606195,1,train
49,-0.21652694683880597,-0.011036212352243863,1,train
50,0.8593468211383865,0.8939790997436828,0,train
51,-0.16611836183556222,0.9187833772445418,0,train
52,1.8095883861505564,-0.16994037751519728,1,test
53,0.6412515145298696,0.8853358389320196,0,train
54,1.313343371747206,-0.08277023220008467,0,train
55,0.4739187271104307,0.14203409038443593,1,test
56,1.4529155657811248,-0.4660951697528784,1,train
57,0.6054362240953631,0.9770648858333122,0,train
58,0.5521627648809833,0.536504550127921,0,train
59,-0.3783261057772806,0.965254087651505,0,train
60,0.3116655141273478,-0.6301257238213626,1,test
61,-1.0481879551827409,0.9315125146558504,0,train
62,1.6406438463522954,0.11829693135732838,1,train
63,1.4436946857089603,-0.46132956498714933,1,train
64,-0.9050886888281908,0.953969738209442,0,train
65,1.8115021221052168,0.4573516748042614,1,train
66,0.9359619591991895,-0.6711431380550397,1,train
67,1.673506929978616,0.4213813137734542,1,train
68,1.2513600826908784,-0.40003195039630846,1,train
69,-0.750445323356572,0.6559291187080547,0,train
70,-0.46899643891702786,1.1714845882320137,0,train
71,-0.6616230548084682,0.5363913103575404,0,train
72,0.9346303107641989,-0.44185757641101386,1,train
73,-0.7664524663888245,0.07200391414077326,0,train
74,1.6476861242847896,-0.09569394381936176,1,train
75,0.85917323513562,0.7566863266129924,0,test
76,1.7218960575126108,-0.6127636582518023,1,test
77,-0.28497253649408527,-0.2150665185284483,1,train
78,-1.1914476251543729,0.43707541007321143,0,test
79,0.4285020279864462,-0.8237897782850605,1,train
80,-0.3899114848067571,0.6364012303074118,0,train
81,-0.5571677166193503,0.5248866501847382,0,train
82,0.5365257613857337,1.037009277765172,0,train
83,-0.4754361061395438,1.0003602519538388,0,train
84,0.8742371169621063,-0.1941183883368061,0,train
85,0.056163335643893975,-0.16277703541317198,1,train
86,0.26525044952884913,0.8100464601282955,0,train
87,0.48971802636149425,0.5529259518885742,0,train
88,1.5619425449855837,-0.23807169774181375,1,train
89,1.7143841763949714,-0.02713899727257961,1,test
90,0.3440049218841318,0.7717648927469011,0,train
91,-0.1925160090511514,0.737050990799871,1,train
92,-0.6087086679196776,0.7704428235428415,0,train
93,0.16206964572060356,-0.31559017951242013,1,train
94,-0.2468237535106033,0.8915048601839137,0,test
95,-1.2279914404263308,0.6227157065531448,0,train
96,0.5509879171317801,0.5040336880320112,0,test
97,0.314302761986714,-0.5887486416340804,1,train
98,-1.0808994681447726,0.22400054416868004,0,train
99,-0.057116503266465446,-0.2552578512740516,1,train
100,1.663671990730486,0.5705736026882401,1,train
101,-0.560836902779444,0.988352516577607,0,test
102,1.7220862907466588,-0.3016465252560239,1,train
103,-0.007393602783094033,1.0063442643436882,0,train
104,0.5634457905285886,-0.266095127952763,1,test
105,1.01235501641756,0.34517048527561656,0,test
106,0.4122660242456469,-0.10574217785225767,1,test
107,-0.36084593856014635,0.70631869902837,0,train
108,0.7776450998143057,0.3908236345229629,0,train
109,0.16833810715991604,0.49941109322591104,1,train
110,-0.17417899032746537,1.0121762001384453,0,test
111,0.36103050913982515,1.1321830686079837,0,test
112,0.4824318782488132,-0.12837612266403114,1,test
113,-1.1531666617905731,-0.0049658310713118214,0,test
114,-0.03902798986285971,0.7830662811010136,0,train
115,-0.24697172899807623,0.8905878776546119,0,train
116,0.1912037572764801,0.23303889700808303,0,train
117,-0.6969201753917118,1.0089084581514294,0,test
118,0.8566267205223551,0.754938061481945,0,train
119,0.38436302532377326,0.029255648312291854,1,train
120,0.4588956960843765,1.0941030690915126,0,train
121,-0.2875613418095782,1.11739731747898,0,train
122,1.949315253471428,0.20467561890264643,1,test
123,0.4064094630007673,1.4258355370904057,0,train
124,1.3567537565369314,-0.5533043322521786,1,train
125,0.2980346838783352,1.0991477264479728,0,train
126,-0.8527676181791846,0.7244581896364719,0,train
127,1.36974368286405,0.36096804028823953,0,train
128,0.7319006329675596,-0.16196787884677394,1,train
129,0.345839412542645,1.0985982595707284,0,test
130,0.9851744623590504,-0.18202500826082263,1,test
131,1.230275938960643,-0.7907898508612513,1,train
132,-0.6759899410285526,0.16863012060813098,0,test
133,0.5183560881828008,0.17864041947630083,1,train
134,0.22651728786572894,0.8129139908980467,0,train
135,2.0796506406900805,0.007275012908934397,1,test
136,-0.737035635459002,0.24028664741738048,0,test
137,1.6858909792801684,-0.3091727140583024,1,train
138,-1.2308034626123587,0.4775579275853659,0,train
139,0.7612106325612086,-0.261795397022476,1,train
140,1.8710424042125313,0.09814787434820987,1,train
141,0.7872643430475739,0.21147321678606779,1,train
142,2.140119972618215,0.1827845695400363,1,train
143,0.3029515573597709,-0.4689299740398167,1,train
144,-0.9669580858319842,0.49845262223277953,0,train
145,1.1632647275960053,0.6388503956816468,0,train
146,0.3728228691086283,-0.4247676517489546,1,train
147,1.9896323444075452,0.19694427148356888,1,train
148,-0.8209463874013125,0.09413273702669939,0,train
149,-0.429798070338388,0.6291347312720402,0,train
150,1.908773081949695,-0.3004322299761016,1,train
151,-0.5869348280286624,0.5652406624028007,0,train
152,2.002307071731687,0.20427130172617314,1,train
153,1.7191248087252937,-0.0806359363618615,1,train
154,1.9048875903851266,-0.14968038392177585,1,train
155,0.10078173893333803,-0.0760847062345612,1,test
156,-0.060818558208518725,-0.15107934720276012,1,train
157,-1.0720764435621717,-0.3657222948577274,0,train
158,2.2395978995698695,-0.11729747526943451,1,train
159,1.565350798817867,-0.09777707565486944,0,train
160,-0.5569634359246453,1.1262523284079533,0,test
161,0.32723173235802,0.8777093814761998,1,train
162,0.34465337358348486,-0.6972167633057857,1,train
163,-0.6677878567436445,0.8812954654004942,0,train
164,0.987650900975014,-0.8603098887383913,1,train
165,1.7842301964904663,-0.28056858445321486,1,test
166,-0.8520605102158837,0.08982854613213553,0,train
167,0.28390420298265473,1.0260459606012313,0,train
168,1.2352172676516162,0.5257593405247006,0,test
169,0.0554953805113069,1.1806097752881042,0,test
170,1.0986366598252828,0.19993904605671364,1,train
171,-0.6117869309007218,0.9647824358830369,0,test
172,0.17373553916725626,0.06670288281531542,1,train
173,0.4759784633325182,0.19185574080452697,1,test
174,-0.9178866533684347,0.5218918339576825,0,train
175,1.4317226497630529,-0.46225998565022464,1,train
176,1.3024822582817384,-0.8647729379113331,1,train
177,1.7251036932329193,-0.42716530665176267,1,test
178,0.721935968904847,1.3957178276353919,0,test
179,0.8552613604578576,-0.6820155351455732,1,train
180,0.41731554189060566,0.8611298821494539,0,test
181,1.0024704578845667,-0.46368291089451275,1,train
182,-0.9006664927558267,0.14163657237495014,0,train
183,1.12249447432479,0.20309074700312468,0,train
184,0.9172435018790144,0.5961027377429003,0,train
185,0.9782751692452485,0.6348478240701767,0,train
186,0.18728278893195163,0.44405132636906375,1,train
187,-1.0414512820666546,0.43052915801199065,0,train
188,1.6437479423412753,-0.6500727693531538,1,train
189,-0.9111181717241865,0.6592286890154393,0,train
190,0.809231094746979,-0.14236826448971024,1,test
191,0.9237465350998617,0.7579538576628974,0,test
192,-0.24644895435412162,1.1307308318540503,0,train
193,0.45856929520748946,-0.1671841285235986,1,train
194,-0.34681983492214313,0.37112517958684993,1,train
195,1.3570816126604808,-0.993266952852779,1,train
196,0.1858352631557525,1.039499535603274,0,train
197,0.0806339357064916,0.7886450366721122,0,test
198,0.9340637636826329,-0.3789911175613818,1,test
199,-0.9013088467605208,0.6709299582280989,0,test
200,0.9764304766241003,0.839686856902663,0,train
201,2.2063982071545367,0.5402968998895612,1,test
202,-1.0148870996009292,0.2546309639187928,0,train
203,0.7441357656862511,-0.06464755114539467,1,train
204,0.9106195595342474,0.05731637715628352,0,test
205,1.312831299549985,0.05770028255923948,1,train
206,2.1266714654222016,-0.48192424675588585,1,train
207,2.549205683301247,0.014649300077057816,1,test
208,-0.9601078505072727,0.8342650272931629,0,test
209,0.48600854467360527,0.34887214732449856,1,train
210,1.8032884415277353,0.08094722647060032,1,test
211,-0.7069307963183808,0.7444671956406788,0,train
212,-0.34595490620720737,0.15125033636520424,1,train
213,-0.18982329295194258,0.980718278240803,0,train
214,0.9484380302275203,0.4467890343412395,0,test
215,0.9939894115259383,-0.4374207923640487,1,train
216,0.22486295280061971,1.2203408275117598,0,train
217,-1.1222627325106418,0.06790464167769884,0,train
218,0.6910627896618674,0.7151668669846891,0,test
219,0.5223336146806707,-0.7204147737625636,1,train
220,1.8219138471420198,-0.5095075060851928,1,train
221,1.283850038227552,0.06374794437019202,0,train
222,2.133811211497295,0.3020685948197664,1,test
223,0.09504156010831022,-0.15644816277769943,1,train
224,2.0262468041568513,-0.16122105100781622,1,train
225,0.8466385939407144,0.6861629380874368,0,train
226,1.352074363696926,-0.4943982366706911,1,train
227,0.8993128800232947,0.09713583560561881,0,test
228,-0.7864660001044482,0.73651527601568,0,train
229,0.5439484453395274,0.6519575855093827,0,train
230,0.674814879800852,-0.2866347837384374,1,train
231,-0.14716223621508523,0.3163692465173771,1,test
232,1.04861171556688,-0.49565364461570827,1,train
233,2.2583745999693643,-0.5112686925124571,1,train
234,-0.8909779689129746,0.6516463159818937,0,train
235,0.21169475399122556,0.7404910954025717,0,train
236,0.3430138461290265,-0.7397340677254625,1,test
237,-0.5927220729863942,0.38411342219630346,0,test
238,1.8165796464869677,-0.37042500564061037,1,train
239,-1.1336224054204171,0.8973101686232545,0,test
240,2.050913824489724,0.5797399074609502,1,test
241,1.216331650312063,-0.06272631392755057,0,train
242,0.7211714177284222,1.4113762094918,0,train
243,1.620436854731945,-0.9526661284751466,1,train
244,0.2230538028609061,1.0058942436250229,0,train
245,0.5204085732617131,0.7151886848521347,0,train
246,0.779679746728599,0.47586363550642985,0,train
247,-0.9842444188832393,0.26857372174116395,0,train
248,0.9724900724582355,0.23223978878247714,0,test
249,1.7924696283394113,0.0896095579304968,1,train
250,-0.1918093230300879,0.685603298908593,0,test
251,2.059225072155794,-0.3878693928017808,1,test
252,1.443651936586647,-0.19589402173541642,1,test
253,0.7418143415231713,-0.25697686826174115,1,test
254,-0.9901209845845893,0.13181826745896505,0,train
255,0.525986575216926,0.2408457760001223,0,train
256,1.7402364100864078,-0.38186819128748783,1,train
257,1.0824449661443347,-0.3949176154866766,1,train
258,0.7019033374280383,-0.08999442741117192,1,train
259,0.532984904451859,-0.19142208791806878,1,train
260,2.0821660874732797,-0.12016732154897651,1,test
261,1.1528190897890387,-0.49559766213294815,1,test
262,1.8829165938333432,0.5660409801154704,1,test
263,0.17256294114998116,0.05100980994423876,1,test
264,-0.080538912042175,0.5841701026407123,1,test
265,0.6968850939086327,0.5363094486144762,0,test
266,0.5655590572355055,-0.32939625304661213,1,train
267,0.1564499233854887,-0.35404220867503494,1,test
268,1.7501420156899958,-0.40739572120225154,1,train
269,-0.6575387692667195,1.2323039073584372,0,train
270,0.6358257581384714,0.6019880045760846,0,train
271,0.7700159640805175,-0.0291696795913788,0,train
272,0.6322207894404988,0.9608622683600945,0,test
273,0.1991602040148193,1.1186571302894772,0,train
274,0.6661962717193081,-0.24862936758833906,1,train
275,0.6155899818782644,0.6216485775437416,0,train
276,1.4326422319139889,-0.9613321393490867,1,test
277,-0.34877261842043994,1.043420755155497,0,test
278,0.423685181211153,0.7138117238106305,0,train
279,1.6658986944657852,-0.5867426896530406,1,test
280,1.186190310926141,-0.7927646200822169,1,train
281,1.5745601282213175,0.20659379310854253,0,train
282,-0.23827673228671575,1.2374045569021301,0,train
283,1.5225078854244587,0.03126308056191757,1,test
284,0.08876954669351891,0.3556792909584638,1,train
285,1.9456227174101814,0.6670386776993458,1,test
286,-0.829754553743149,0.5692251244233577,0,test
287,2.0910433260532093,0.2943599149680084,1,test
288,1.1834713379998743,-0.5236409295347643,1,train
289,0.4718343037288982,0.629529658029761,0,test
290,0.6159330097763056,0.4565850954529357,0,train
291,0.10039826081148706,0.16516047897515743,1,train
292,0.2421276588881709,-0.2728932562595273,1,train
293,1.5335461873199896,0.40305247368187475,1,train
294,-0.09114439891591719,-0.40025358895552665,1,train
295,0.18472574138520856,0.6753821348486759,1,test
296,0.2368152211667909,0.8944488958122733,0,train
297,0.5152666434449134,0.6675292251709166,0,train
298,1.0572262917324298,-0.2738187213209209,1,test
299,1.0533836760401496,-0.45980631577070163,1,test
300,1.1977428847084752,0.5547113939952661,0,train
301,0.18429343644810744,0.8009567676373311,1,test
302,1.9583396991029123,-0.02472362777196821,1,train
303,0.21367971177305736,-0.15907068624983403,1,train
304,1.8936877816177222,-0.10898955315736629,1,train
305,0.9093767049728814,-0.5023036157213543,1,train
306,-0.9018878413994464,0.06710207550698935,0,test
307,-0.882692618383538,0.5082629452488776,0,train
308,-0.6890248232213447,0.07833394751301773,0,train
309,-0.07736823803387821,0.3299416992252793,0,train
310,0.14888170788990684,1.2744695325919413,0,test
311,0.7157038254148773,-0.8183569029004666,1,train
312,-0.5069739359081817,0.6712129446208667,0,train
313,1.4435457632165747,0.785599095723633,1,train
314,1.2406496392864532,-0.03402859014478071,0,train
315,0.18776422343266488,0.28004641377031403,1,test
316,0.4377938576021555,1.1698634895214433,0,test
317,-1.0823956335774523,1.0265248124443176,0,train
318,1.5188303964512702,-0.10475764911996296,1,train
319,-0.37370968142107913,0.8984238757021931,0,test
