id,y_true,y_pred
104,1,1
285,1,1
6,1,1
173,1,1
208,0,0
295,1,0
112,1,1
222,1,1
3,0,0
276,1,1
306,0,0
260,1,1
78,0,0
197,0,0
178,0,0
253,1,1
129,0,0
169,0,0
27,0,0
101,0,0
289,0,0
287,1,1
160,0,0
261,1,1
263,1,1
237,0,0
38,1,1
105,0,1
96,0,0
239,0,0
136,0,0
122,1,1
15,0,0
198,1,1
0,1,0
298,1,1
214,0,0
40,0,0
301,1,0
210,1,1
171,0,0
227,0,1
89,1,1
24,0,0
231,1,0
262,1,1
180,0,0
265,0,0
113,0,0
39,0,0
310,0,0
55,1,1
250,0,0
286,0,0
75,0,0
31,0,1
240,1,1
319,0,0
207,1,1
204,0,1
168,0,0
299,1,1
76,1,1
52,1,1
279,1,1
25,1,1
94,0,0
130,1,1
132,0,0
201,1,1
110,0,0
106,1,1
218,0,0
135,1,1
283,1,1
190,1,1
315,1,0
117,0,0
1,1,1
251,1,1
155,1,1
277,0,0
248,0,1
60,1,1
5,0,0
177,1,1
272,0,0
191,0,0
165,1,1
316,0,0
267,1,1
236,1,1
199,0,0
252,1,1
264,1,0
111,0,0
