id,X1,y,split
0,1.9176923398917438,0.4350305282981254,train
1,-0.4278509217356339,-0.7918153470926459,train
2,2.5101854393796774,-0.1791949932225384,train
3,1.3815762034155474,1.0534847137207735,train
4,-2.8407585647864533,2.3415531467580695,train
5,3.3293564614572917,1.5008620310054432,train
6,1.8279779139324708,0.48310908837025934,test
7,2.002450136938677,0.5188298584096361,train
8,-2.6032045712711787,1.875016769557997,train
9,-0.34729843473103017,-0.8993375221215267,test
10,-0.9044138303719311,-0.3035411920973753,test
11,2.987354921940213,0.5292768390097442,train
12,1.007055840564652,0.9186839268673668,train
13,2.2593312928958103,0.836484362868523,train
14,-0.3961006082086822,0.13402118759112436,train
15,-1.9093289475065618,0.5402934860170656,test
16,0.3820935091108435,0.5419720972042443,test
17,-3.053279207270773,2.83772295256601,train
18,2.2934182039480744,0.7972253217457324,test
19,0.9216507938544538,0.9231658076068127,test
20,1.8066141805976166,0.6617420340871256,train
21,-1.0183182230909216,-0.5854435206196351,train
22,3.2948861707643227,1.6496936641714184,train
23,2.751847849255384,0.4210806922724258,train
24,1.9486844795163334,0.5556821842928199,test
25,-2.137529045036227,1.0426539364753462,test
26,-0.23295297391076097,-0.43443951468765146,train
27,-3.1933736394893986,2.72714012844576,train
28,-2.4199735555271653,2.05551574301099,train
29,1.281342672697182,1.0106214954816006,train
30,1.71333509135472,0.9319168088328815,test
31,3.27256812703947,1.7358704299887893,train
32,-1.2192224930329365,-0.5405207426159094,train
33,-0.906782057755918,-0.7471819147869929,train
34,-0.21310932106934466,-0.33204067348057276,train
35,-2.17370048641,1.4708522901138903,train
36,-2.5905494626516985,2.1146035761906163,train
37,-0.17006551641846368,-0.20019257424861403,train
38,-1.9116345566438113,0.8145228630366367,test
39,1.1886979627775727,1.7063440072288256,train
40,-0.43993656789368485,-0.2480474054438377,train
41,2.3287473724048624,0.45178846822189034,train
42,1.4018557140157437,0.8900639537252456,train
43,-1.3134335103257126,-0.7218207870661415,train
44,2.325818609766407,0.6538017752655914,train
45,2.1333505024776134,0.5096245236000684,test
46,-0.7876513467887789,-0.7291421970883843,train
47,-1.481703272488291,-0.5802857275087674,train
48,1.2774685278248281,1.3830717943951614,train
49,-2.521732614734831,2.296287925109434,train
50,-2.100642582674242,1.021348209237284,train
51,-3.4484641117429615,2.668987176274737,train
52,2.0084706425149683,0.6032840557744145,train
53,1.1539559961442247,1.2039951043623447,train
54,1.436157650384346,0.983779981133733,train
55,1.965103217153775,0.5486837182430335,test
56,-0.2875895712316203,-0.5161098347832079,train
57,0.4811883716702563,0.8142428357603188,train
58,-2.521421013106398,2.550022785308188,train
59,-2.698289485248186,1.8066492321437582,train
60,1.1788207325333016,1.1263386632295218,test
61,-0.20232655699807234,-0.28489789473549415,train
62,0.4566527453683218,0.816355972127708,train
63,1.854992001912179,0.5833269508559242,train
64,0.9430282400041357,0.7381567366724054,train
65,0.3750558046059709,0.705396811868284,train
66,0.4144501252178947,1.11389396419316,test
67,-1.3723493135617146,-0.7301171761853593,test
68,-3.2842751580244243,3.0174042811903625,test
69,-0.4429782753734637,-0.7267621269711199,test
70,-1.9979072902632957,1.0350956262031432,train
71,-0.640299493927547,-1.0671643675756977,train
72,2.473821512877163,0.26608718585370617,train
73,-1.8624235989426148,1.0432604864681432,test
74,-3.091880808176538,2.91335363077504,train
75,-1.5303127558460243,0.387261043454256,train
76,-1.4448436956332147,0.07891713298456787,train
77,1.133415603088265,1.3039927307917543,train
78,0.3992250663889485,1.0956278766463554,train
79,1.9872874637448943,0.6650213037904988,test
80,1.1501947822917131,1.398559692970797,train
81,-0.6552919699195066,-0.8857297762077109,train
82,2.198142692662243,0.42228700230189775,train
83,-2.331189560646073,1.644653383064051,train
84,-3.3410154880629768,3.04736678910941,test
85,-2.8696649745705076,2.3386662629593102,train
86,1.5565154541751518,1.1556216448941605,test
87,-0.2668593882402881,-0.47167909049956563,train
88,-2.3710975467647875,2.193846559112396,train
89,0.007313425723544764,0.20016044785363854,train
90,-2.433815281007821,2.4790979528198447,train
91,1.3742426255441522,1.2814963365284568,train
92,-0.37690607098178486,-0.9623875123671349,train
93,-0.8328514173246226,-0.8660294121874366,test
94,-1.3894153759648642,-0.6098921873684215,train
95,0.9119781518322192,1.0365621132347287,test
96,-0.9673117261262671,-0.43234476715231807,test
97,-2.886450564787293,2.8068323742537364,train
98,-2.673958685156393,2.241422870475547,train
99,3.2332836518466017,1.1294370072186881,train
100,2.860064834953249,0.6553769982104529,train
101,1.3979499366752473,0.7793058598022878,test
102,-1.6389102697833628,0.021412538865806907,train
103,3.2842346414340673,1.5910345057576711,train
104,1.9512563277605626,0.8756653399306872,test
105,1.5182313241129695,1.1448895881414332,train
106,-0.3544694849934791,-1.114477543908369,train
107,-1.5943090670838869,0.16643361779435356,train
108,-2.825263264925505,2.6103332707212097,test
109,2.818216775806892,0.6950275140481721,test
110,-0.3095659711647225,-0.0790861361089557,train
111,-2.083456446433388,0.7420278518176937,test
112,-1.3583036309454326,-0.5183785290669658,test
113,0.5545369825932713,1.0183839789569484,test
114,-2.262590519425378,1.2763546200013778,test
115,2.496299988646628,0.7231242156418909,test
116,1.8096367088464707,0.8122101987307911,train
117,1.5362406916565572,1.1891721746432622,test
118,-0.475348721574274,-0.8205154988810991,train
119,0.8911618849171026,1.3607172291804097,train
120,0.5886857823891489,1.1783125968307566,test
121,1.0489262108837396,1.2558011275947134,train
122,-2.9088897520207766,2.723970006371544,train
123,-0.5893481848057327,-0.705439617424715,train
124,-3.2087007829667527,2.580162380059853,train
125,-0.0420642652883676,-0.10797661151889275,test
126,-1.1909715136705028,-0.653211519385064,test
127,-2.4883306779376717,2.2201708003255924,test
128,-2.7761792259421387,2.7913649641252403,train
129,0.613512005243984,0.6745494771827445,train
130,-2.3058492202417975,1.73424204967297,train
131,2.9758408286375806,1.2009362458596546,train
132,0.5674279779027644,0.7003346319847474,train
133,-1.0719113682561403,-0.9443156293283961,train
134,0.6364084403699177,1.0144287726666248,train
135,-3.3403729027921174,3.011107545482821,train
136,3.2099144926901175,1.3281166571811338,test
137,-0.1238759413996986,0.12627317535687368,train
138,1.9791465907520038,0.7764887858182818,train
139,-2.92089000054293,2.8849094956460695,test
140,-0.09339168413287746,-0.01782618523891566,train
141,-0.06505103951835345,0.4723980999115607,train
142,3.0647851848248795,0.9486301874105689,train
143,0.5020963666325278,0.3031672717788464,test
144,-0.18557419260132324,0.09768201024901835,train
145,-1.631170358356745,0.057405830234066924,train
146,-1.179017018602135,-0.6025011041909085,train
147,0.14470681730076462,0.5751035660441244,train
148,-0.4276197778646731,-1.0285896118540023,train
149,-3.348715440837687,2.4865348673330403,train
150,2.2840434693605047,-0.03218208686088697,test
151,2.7731254028783674,0.3395126787924297,train
152,-2.518256377009725,2.2866330209335666,test
153,0.37825300477334567,0.7592851607457695,test
154,-2.7399698120518954,2.569073951852042,train
155,1.2056806512786817,0.8250621105829594,train
156,-1.5313635131269416,-0.6211664236082652,test
157,1.1159584428433122,1.2098852832253368,train
158,1.5889623000081787,0.8132784320588535,train
159,1.8805324434235988,0.7668425970522437,train
160,-2.745813378308724,2.6823963891497193,train
161,2.9120829159632553,0.7588301439735015,train
162,-1.8885020637358343,0.9721277270209605,train
163,-3.2381121067667413,2.856514149025952,train
164,0.3839672857403835,0.7693712367114973,train
165,-0.9035440129629286,-1.0122854911803931,test
166,2.308528201926892,0.3156157803821806,train
167,2.157760304450113,0.47778316721532504,train
168,-1.2800277502409925,-0.28953307144515983,test
169,3.1702957654882145,1.1323354681909272,train
170,-1.4635751330191695,-0.04927859039563362,train
171,0.10539990462200155,0.11398473195170568,train
172,-1.7082443660267808,0.3188856170846567,test
173,3.0523049903427433,1.1821007302384916,train
174,-2.347745276925873,1.3551158778986556,train
175,-3.1856256642536973,2.4683172641260276,test
176,-0.45432057997873443,-1.0270817250014965,test
177,3.4466289483908596,1.3811131314010456,test
178,2.741740863784398,0.33518468866584494,train
179,1.7402561361986448,0.9751916478281494,train
180,2.735547436149674,0.4273417424219305,train
181,2.754126477885042,0.5669513052248909,train
182,0.13200852270514352,0.49832519504878553,test
183,-1.288496637184449,-0.15011670604917132,train
184,1.9040870247769162,0.6126141467661429,train
185,1.1316288421743277,1.5328624694330057,test
186,-0.8843958978840294,-0.8182717569893594,test
187,-2.838733323569393,2.395902400517123,train
188,1.7275272794431817,0.6516377121395442,train
189,-1.6627763885399474,-0.12686458531870298,train
190,3.0576920537364547,0.7635084589698139,train
191,-1.8132059749602067,0.5089309857681158,train
192,-2.6406944731195976,2.570741979964107,test
193,2.317788704874343,0.7882077648422754,test
194,-2.4270097836285416,1.6654280718624839,test
195,-2.245121842895826,1.7313079723983942,train
196,0.6956795406459042,0.7622722106319955,train
197,2.6219342858622516,0.5259442609137602,train
198,-2.1249573399979873,1.3239475071348317,train
199,-1.3277342896993365,-0.8787137750528264,train
200,1.941833867688243,0.8273688236559488,train
201,3.302784982426772,1.4106565749391262,test
202,0.0051883034163964226,-0.12464967444593433,train
203,-2.4927174821412446,1.8646882102138655,train
204,-3.402445986042589,2.6303284573216508,test
205,-1.8924077900080132,0.8986429389498245,train
206,-2.5772444754943526,2.226820711945811,test
207,1.2436107152900027,1.2474647323159505,test
208,-2.6471724676002824,2.4695557022261543,train
209,0.04430952134443089,0.4058130532157587,test
210,1.3598370495002055,1.0219782304294147,train
211,0.5678162645463161,0.5174812828536202,train
212,-2.101570438379597,1.567974865489841,train
213,2.1288716832758388,0.3639962231845593,train
214,1.5078499073106117,1.2799278355007715,train
215,1.672888027408792,0.9488610561807961,train
216,-2.5825957390988075,2.2497876786976847,train
217,-2.633723374447588,2.4469942812510577,train
218,2.992937857045553,1.3490028246552717,train
219,-0.7169526432254156,-0.3166436752189711,test
220,-1.3933591575334217,-0.29256619254430866,train
221,-0.07991168253926695,-0.0941075662898963,test
222,1.1400494893450768,1.462307293836281,train
223,3.18936279932879,1.064322153594442,train
224,-1.494876411825615,-0.034693630267395414,test
225,2.9736590051841896,0.8202571872852248,train
226,-3.325983560296206,2.8792575354275236,train
227,0.3863862962877729,0.4321473200098514,test
228,0.9378257817675957,0.7782352774557842,test
229,-2.758718173744727,2.0036046850097313,train
230,-2.5176228205526114,1.8962888982972639,test
231,-0.566199764785873,-0.8711978229612996,train
232,3.263623385002272,1.3863435119848875,train
233,0.6722978726406099,1.4845480230570187,test
234,3.0311625512014784,1.2095862960485217,train
235,2.1305264092907947,0.20525853530524968,test
236,-0.22832878911295929,-0.2811310397676057,train
237,1.9933441447653122,0.4483289163939325,test
238,-3.375142512161086,2.72602332819048,train
239,-2.7359920226398553,2.541589590913801,train
